Workbook

Sheet 사용법
A1: 거래처 미수금 관리 양식 — 사용 안내
A2: 홈택스 매출 세금계산서 목록과 은행 입금내역 엑셀을 그대로 붙여넣으면, 거래처별 미수 잔액·30/60/90일 연령 분석·연락할 후보와 문구 초안이 자동으로 만들어집니다.
A4: ■ 작업 순서도
B5: ① 설정 | C5: 회사 이름·기준일(오늘)만 확인 | D5: ◀ 기준일은 비우면 오늘 날짜
B6: ▼
B7: ② 매출원본 | C7: 홈택스 매출 세금계산서 목록을 A8에 붙여넣기 | D7: ◀ 열 설정 노란 칸은 처음 한 번만 확인
B8: ▼
B9: ③ 입금_은행 | C9: 은행 입금내역 엑셀을 A8에 붙여넣기 (계좌 2개까지) | D9: ◀ 보낸 분 이름이 거래처 이름과 맞으면 자동 매칭
B10: ▼
B11: ④ 요약 | C11: ✔가 떴는지, 총 미수 잔액과 구간별 금액 확인 | D11: ◀ 홈택스 합계와 대조하는 선택 칸
B12: ▼
B13: ⑤ 미매칭입금 → 거래처설정 | C13: 맞춰지지 않은 입금은 별칭 등록 (필요한 곳만) | D13: ◀ 입금자명이 대표 이름 등으로 다를 때
B14: ▼
B15: ⑥ 연령분석 · 독촉대상 | C15: (자동) 큰 순서 미수 목록과 연락 후보·문구 초안 | D15: ◀ 연락 결과는 [거래처설정]의 조치 상태에
A17: ■ 시트 안내 (탭 순서대로)
A18: 순서 | B18: 시트 | C18: 역할 | D18: ✍ 직접 입력 | E18: ⚙ 자동 처리
A19: ① | B19: 설정 | C19: 회사 이름·기준일·구간 | D19: 회사 이름, 기준일(비우면 오늘), 30/60/90일, 최소 금액 | E19: —
A20: ② | B20: 매출원본 | C20: 홈택스 매출 목록 붙여넣는 곳 | D20: A8 붙여넣기 + 5행 열 설정(처음 한 번) | E20: 날짜·금액 변환, 거래처 묶기, 승인번호 중복 표시
A21: ③ | B21: 입금_은행1·2 | C21: 은행 입금내역 붙여넣는 곳 | D21: A8 붙여넣기 + 5행 열 설정 | E21: 입금만 골라 이름으로 거래처에 맞춤
A22: ④ | B22: 요약 | C22: 핵심 결과 | D22: 홈택스 합계(선택) | E22: 총 미수·구간별·연락 후보 수·미매칭 건수
A23: ⑤ | B23: 거래처별 | C23: 거래처별 계산 전체 | D23: 없음 | E23: 매출 누계 − 입금 누계, 경과일 구간, 판정, 점검 문구
A24: ⑥ | B24: 연령분석 | C24: 미수 큰 순서 목록 | D24: 없음 | E24: 최대 100곳을 잔액 큰 순으로 정렬
A25: ⑦ | B25: 독촉대상 | C25: 연락 후보와 문구 | D25: 없음 (조치 상태는 거래처설정에) | E25: 오래된 잔액이 큰 순, 문구 초안
A26: ⑧ | B26: 미매칭입금 | C26: 거래처로 안 맞은 입금 | D26: 없음 | E26: 별칭 등록이 필요한 입금 찾기
A27: ⑨ | B27: 거래처설정 | C27: 별칭·기초 미수금·조치 상태 | D27: 필요한 거래처만 적기 | E27: 새로 붙여넣어도 유지됨
A29: ■ 붙여넣기, 이렇게 하면 됩니다
A30: 1. 홈택스 → 전자(세금)계산서 목록조회에서 매출·기간을 정해 조회한 뒤 엑셀로 내려받습니다. 외상 기간을 길게 보려면 최근 6개월~1년을 한 번에 조회하세요.
A31: · 내려받은 파일을 열었을 때 위에 노란 막대(보호된 보기)가 뜨면 [편집 사용]을 먼저 누르세요.
A32: 2. 파일에서 전체 복사(Ctrl+A → Ctrl+C) → [매출원본] A8 셀 클릭 → 붙여넣기(Ctrl+V). 처음 한 번은 8행 아래 예시를 먼저 지우세요 (8행 아래 전체 선택 → Delete).
A33: 3. 은행(인터넷뱅킹) 거래내역을 기간을 정해 엑셀로 내려받아 [입금_은행1] A8에 붙여넣습니다. 계좌가 둘이면 [입금_은행2]에도. 입금·출금이 섞인 파일 그대로 괜찮습니다.
A34: · 은행마다 열 순서가 다르니 처음 한 번 5행 노란 칸에 날짜·입금액·보낸 분(내용)이 있는 열 문자만 맞춰 주세요 (AA 같은 두 글자도 가능).
A35: 4. [요약]에서 ✔ 표시와 총 미수 잔액을 확인하고, [연령분석]과 [독촉대상]을 봅니다.
A36: 5. 입금자명이 거래처 이름과 달라 안 맞은 입금은 [미매칭입금]에서 찾아 [거래처설정]에 별칭으로 등록합니다. 한 번 등록하면 다음에도 유지됩니다.
A37: 6. 다음 달에는 두 원본 시트에 새 파일을 같은 자리에 덮어 붙여넣고(이전 내용은 먼저 지우기), 기준일만 확인하면 됩니다.
A39: ■ 알아두세요
A40: · 입금은 오래된 세금계산서부터 갚은 것으로 계산합니다(선입선출). 이전 해에서 넘어온 미수금은 [거래처설정]의 '기초 미수금'에 적으세요.
A41: · 경과일은 세금계산서 작성일자 기준입니다. 결제 약속일(월말 마감, 어음 등)은 반영하지 않으니 '약속 기한이 지난 금액'과는 다를 수 있습니다.
... A46: ■ 색 안내
B47: 노란 칸 | C47: 직접 입력하는 곳 — 파란 글씨는 가상 예시값이니 지우고 실제 값을 넣으세요
B48: 회색 작은 글씨 | C48: 자동 계산 수식 — 수정 금지

Sheet 요약
A1: 요약 — 거래처 미수금 한눈에 (자동)
A2: ✍ 직접 입력: 13~14행 노란 칸(홈택스 화면의 건수·합계금액)만 — 선택. ⚙ 나머지는 자동입니다.
A4: ■ 1. 붙여넣기가 잘 되었는지
A5: 매출 세금계산서 | B5: =매출원본!H5
A6: 입금 — 은행1 | B6: =입금_은행1!H5
A7: 입금 — 은행2 | B7: =입금_은행2!H5
A8: 확인 필요 | B8: =TRIM(매출원본!H6&" "&입금_은행1!H6&" "&입금_은행2!H6&IF(SUM(매출원본!$BA$8:$BA$2007)>0," ⚠ 승인번호가 같은 세금계산서가 "&SUM(매출원본!$BA$8:$BA$2007)&"건 더 있습니다 — 같은 파일을 두 번 붙여넣지 않았는지 확인","")&IF(MAX(매출원본!$AW$8:$AW$2007)>300," ⚠ 거래처가 300곳을 넘어 일부가 빠집니다",""))
A10: ■ 2. 홈택스 화면과 대조 (선택)
A11: 홈택스 매출 목록 화면의 합계(건수·합계금액)를 적으면 붙여넣은 파일과 같은지 자동 확인합니다.
A13: 홈택스 화면 건수 | B13: 20 | C13: =IF($B$13="","(입력하면 자동 대조)",IF($B$13=COUNT(매출원본!$AS$8:$AS$2007),"✔ 홈택스와 일치","✖ 차이 "&(COUNT(매출원본!$AS$8:$AS$2007)-$B$13)&"건 — 기간·거래처 구분이 같은지 확인"))
A14: 홈택스 화면 합계금액(원) | B14: 60170000 | C14: =IF($B$14="","(입력하면 자동 대조)",IF($B$14=SUM(매출원본!$AT$8:$AT$2007),"✔ 홈택스와 일치","✖ 차이 "&TEXT(SUM(매출원본!$AT$8:$AT$2007)-$B$14,"#,##0")&"원 — 기간·거래처 구분이 같은지 확인"))
A16: ■ 3. 미수금 한눈에
A17: 기준일 | B17: =설정!$B$5
A18: 총 미수 잔액 | B18: =연령분석!D5 | C18: =COUNT(거래처별!$R$8:$R$307)&"곳"
A19: =거래처별!H7 | B19: =연령분석!E5 | C19: =IF($B$18=0,"",TEXT(B19/$B$18,"0%"))
A20: =거래처별!I7 | B20: =연령분석!F5 | C20: =IF($B$18=0,"",TEXT(B20/$B$18,"0%"))
A21: =거래처별!J7 | B21: =연령분석!G5 | C21: =IF($B$18=0,"",TEXT(B21/$B$18,"0%"))
A22: =거래처별!K7 | B22: =연령분석!H5 | C22: =IF($B$18=0,"",TEXT(B22/$B$18,"0%"))
A23: 선수금·초과입금 | B23: =-SUMIF(거래처별!$G$8:$G$307,"<0") | C23: =COUNTIF(거래처별!$G$8:$G$307,"<0")&"곳 — 확인 필요"
A24: 연락 후보 | B24: ="① "&COUNTIF(거래처별!$O$8:$O$307,1)&"곳 · ② "&COUNTIF(거래처별!$O$8:$O$307,2)&"곳 · ③ "&COUNTIF(거래처별!$O$8:$O$307,3)&"곳" | C24: [독촉대상] 시트에서 문구 초안까지
A25: 미매칭 입금 | B25: =(MAX(입금_은행1!$AD$8:$AD$2007)+MAX(입금_은행2!$AD$8:$AD$2007))&"건" | C25: [미매칭입금] 시트에서 거래처 입금이 있는지 확인
A27: ■ 4. 미수 잔액 상위 5곳
A28: 거래처 | B28: 미수 잔액 | C28: 경과 구간1 초과분 | D28: 판정
A29: =IF(연령분석!B7="","",연령분석!B7) | B29: =IF(연령분석!D7="","",연령분석!D7) | C29: =IF(연령분석!D7="","",연령분석!F7+연령분석!G7+연령분석!H7) | D29: =IF(연령분석!K7="","",연령분석!K7)
A30: =IF(연령분석!B8="","",연령분석!B8) | B30: =IF(연령분석!D8="","",연령분석!D8) | C30: =IF(연령분석!D8="","",연령분석!F8+연령분석!G8+연령분석!H8) | D30: =IF(연령분석!K8="","",연령분석!K8)
A31: =IF(연령분석!B9="","",연령분석!B9) | B31: =IF(연령분석!D9="","",연령분석!D9) | C31: =IF(연령분석!D9="","",연령분석!F9+연령분석!G9+연령분석!H9) | D31: =IF(연령분석!K9="","",연령분석!K9)
A32: =IF(연령분석!B10="","",연령분석!B10) | B32: =IF(연령분석!D10="","",연령분석!D10) | C32: =IF(연령분석!D10="","",연령분석!F10+연령분석!G10+연령분석!H10) | D32: =IF(연령분석!K10="","",연령분석!K10)
A33: =IF(연령분석!B11="","",연령분석!B11) | B33: =IF(연령분석!D11="","",연령분석!D11) | C33: =IF(연령분석!D11="","",연령분석!F11+연령분석!G11+연령분석!H11) | D33: =IF(연령분석!K11="","",연령분석!K11)
A35: ※ 미수 잔액은 장부(회계프로그램)의 외상매출금과 다를 수 있습니다. 이 양식은 세금계산서와 은행 입금만 보고 계산하는 점검용입니다.

Sheet 매출원본
A1: 매출원본 — 홈택스 매출 전자세금계산서 목록 붙여넣기
A2: ✍ 직접 입력: 홈택스에서 내려받은 매출 목록 엑셀을 A8 셀부터 통째로 붙여넣고('값' 붙여넣기 권장), 5행 노란 칸을 확인하세요. 거래처는 공급받는자 쪽입니다.
A3: ⚙ 자동 계산: AR~BA열 회색 수식이 날짜·금액·거래처를 정리합니다 — 수정 금지. 오른쪽 '인식 결과'에 ✔가 뜨면 성공. 처음 쓸 때: 8행 아래 예시를 전체 선택 → Delete 로 먼저 지우세요.
A4: 데이터 시작 행 | B4: 작성일자 열 | C4: 승인번호 열 | D4: 거래처 사업자번호 열 | E4: 거래처 상호 열 | F4: 합계금액 열 | H4: 인식 결과 (자동)
A5: 14 | B5: A | C5: B | D5: J | E5: L | F5: O | H5: =IF(COUNT($AS$8:$AS$2007)=0,"아직 인식된 세금계산서가 없습니다 — 붙여넣기 위치와 열 설정을 확인하세요","✔ 세금계산서 "&COUNT($AS$8:$AS$2007)&"건 · 합계금액 "&TEXT(SUM($AT$8:$AT$2007),"#,##0")&"원 · 거래처 "&MAX($AW$8:$AW$2007)&"곳")
A6: ▼ 8행(A8 셀)부터 붙여넣기 | B6: =IF($B$5="","",IF(LEN(TRIM($B$5))=1,CODE(UPPER(TRIM($B$5)))-64,(CODE(UPPER(LEFT(TRIM($B$5),1)))-64)*26+CODE(UPPER(RIGHT(TRIM($B$5),1)))-64)) | C6: =IF($C$5="","",IF(LEN(TRIM($C$5))=1,CODE(UPPER(TRIM($C$5)))-64,(CODE(UPPER(LEFT(TRIM($C$5),1)))-64)*26+CODE(UPPER(RIGHT(TRIM($C$5),1)))-64)) | D6: =IF($D$5="","",IF(LEN(TRIM($D$5))=1,CODE(UPPER(TRIM($D$5)))-64,(CODE(UPPER(LEFT(TRIM($D$5),1)))-64)*26+CODE(UPPER(RIGHT(TRIM($D$5),1)))-64)) | E6: =IF($E$5="","",IF(LEN(TRIM($E$5))=1,CODE(UPPER(TRIM($E$5)))-64,(CODE(UPPER(LEFT(TRIM($E$5),1)))-64)*26+CODE(UPPER(RIGHT(TRIM($E$5),1)))-64)) | F6: =IF($F$5="","",IF(LEN(TRIM($F$5))=1,CODE(UPPER(TRIM($F$5)))-64,(CODE(UPPER(LEFT(TRIM($F$5),1)))-64)*26+CODE(UPPER(RIGHT(TRIM($F$5),1)))-64)) | H6: =IF(COUNTIF($AX$8:$AX$2007,"999-*")>0,"⚠ 예시 데이터 "&COUNTIF($AX$8:$AX$2007,"999-*")&"줄이 남아 있습니다 — 지우고 쓰세요 (8행 아래 전체 선택 → Delete)","")
AR7: 원본일자(자동) | AS7: 작성일자(자동) | AT7: 합계(자동) | AU7: 거래처키(자동) | AV7: 거래처 상호(자동) | AW7: 거래처순번(자동) | AX7: 원본 사업자번호(자동) | AY7: 거래처번호(자동) | AZ7: 승인번호(자동) | BA7: 중복(자동)
A8: 매출 전자(세금)계산서 목록 (가상 예시) | AR8: =IF(OR($A$5="",$B$6="",ROW()<$A$5),"",IF(INDEX($A:$AP,ROW(),$B$6)="","",INDEX($A:$AP,ROW(),$B$6))) | AS8: =IF($AR8="","",IF(ISNUMBER($AR8),IF($AR8>=10000000,IFERROR(DATE(INT($AR8/10000),MOD(INT($AR8/100),100),MOD($AR8,100)),""),INT($AR8)),IFERROR(DATE(--LEFT(LEFT(SUBSTITUTE(SUBSTITUTE(SUBSTITUTE(SUBSTITUTE(TRIM($AR8),"-",""),".",""),"/","")," ",""),8),4),--MID(LEFT(SUBSTITUTE(SUBSTITUTE(SUBSTITUTE(SUBSTITUTE(TRIM($AR8),"-",""),".",""),"/","")," ",""),8),5,2),--MID(LEFT(SUBSTITUTE(SUBSTITUTE(SUBSTITUTE(SUBSTITUTE(TRIM($AR8),"-",""),".",""),"/","")," ",""),8),7,2)),""))) | AT8: =IF($AS8="","",IF($F$6="",0,IF(ISNUMBER(INDEX($A:$AP,ROW(),$F$6)),INDEX($A:$AP,ROW(),$F$6),IFERROR(--SUBSTITUTE(SUBSTITUTE(TRIM(INDEX($A:$AP,ROW(),$F$6)),",",""),"원",""),0)))) | AU8: =IF($AS8="","",IF($AX8<>"",SUBSTITUTE(SUBSTITUTE($AX8,"-","")," ",""),"N:"&$AV8)) | AV8: =IF(OR($AS8="",$E$6=""),"",TRIM(INDEX($A:$AP,ROW(),$E$6)&"")) | AW8: =IF($AU8="","",IF(MATCH($AU8,$AU$8:$AU$2007,0)=ROW()-7,MAX($AW$7:$AW7)+1,"")) | AX8: =IF(OR($AS8="",$D$6=""),"",TRIM(INDEX($A:$AP,ROW(),$D$6)&"")) | AY8: =IF($AU8="","",INDEX($AW$8:$AW$2007,MATCH($AU8,$AU$8:$AU$2007,0))) | AZ8: =IF(OR($AS8="",$C$6=""),"",TRIM(INDEX($A:$AP,ROW(),$C$6)&"")) | BA8: =IF($AZ8="","",IF(COUNTIF($AZ$8:$AZ8,$AZ8)>1,1,0))
AR9: =IF(OR($A$5="",$B$6="",ROW()<$A$5),"",IF(INDEX($A:$AP,ROW(),$B$6)="","",INDEX($A:$AP,ROW(),$B$6))) | AS9: =IF($AR9="","",IF(ISNUMBER($AR9),IF($AR9>=10000000,IFERROR(DATE(INT($AR9/10000),MOD(INT($AR9/100),100),MOD($AR9,100)),""),INT($AR9)),IFERROR(DATE(--LEFT(LEFT(SUBSTITUTE(SUBSTITUTE(SUBSTITUTE(SUBSTITUTE(TRIM($AR9),"-",""),".",""),"/","")," ",""),8),4),--MID(LEFT(SUBSTITUTE(SUBSTITUTE(SUBSTITUTE(SUBSTITUTE(TRIM($AR9),"-",""),".",""),"/","")," ",""),8),5,2),--MID(LEFT(SUBSTITUTE(SUBSTITUTE(SUBSTITUTE(SUBSTITUTE(TRIM($AR9),"-",""),".",""),"/","")," ",""),8),7,2)),""))) | AT9: =IF($AS9="","",IF($F$6="",0,IF(ISNUMBER(INDEX($A:$AP,ROW(),$F$6)),INDEX($A:$AP,ROW(),$F$6),IFERROR(--SUBSTITUTE(SUBSTITUTE(TRIM(INDEX($A:$AP,ROW(),$F$6)),",",""),"원",""),0)))) | AU9: =IF($AS9="","",IF($AX9<>"",SUBSTITUTE(SUBSTITUTE($AX9,"-","")," ",""),"N:"&$AV9)) | AV9: =IF(OR($AS9="",$E$6=""),"",TRIM(INDEX($A:$AP,ROW(),$E$6)&"")) | AW9: =IF($AU9="","",IF(MATCH($AU9,$AU$8:$AU$2007,0)=ROW()-7,MAX($AW$7:$AW8)+1,"")) | AX9: =IF(OR($AS9="",$D$6=""),"",TRIM(INDEX($A:$AP,ROW(),$D$6)&"")) | AY9: =IF($AU9="","",INDEX($AW$8:$AW$2007,MATCH($AU9,$AU$8:$AU$2007,0))) | AZ9: =IF(OR($AS9="",$C$6=""),"",TRIM(INDEX($A:$AP,ROW(),$C$6)&"")) | BA9: =IF($AZ9="","",IF(COUNTIF($AZ$8:$AZ9,$AZ9)>1,1,0))
A10: 조회기간 : 2026-05 ~ 2026-10 | AR10: =IF(OR($A$5="",$B$6="",ROW()<$A$5),"",IF(INDEX($A:$AP,ROW(),$B$6)="","",INDEX($A:$AP,ROW(),$B$6))) | AS10: =IF($AR10="","",IF(ISNUMBER($AR10),IF($AR10>=10000000,IFERROR(DATE(INT($AR10/10000),MOD(INT($AR10/100),100),MOD($AR10,100)),""),INT($AR10)),IFERROR(DATE(--LEFT(LEFT(SUBSTITUTE(SUBSTITUTE(SUBSTITUTE(SUBSTITUTE(TRIM($AR10),"-",""),".",""),"/","")," ",""),8),4),--MID(LEFT(SUBSTITUTE(SUBSTITUTE(SUBSTITUTE(SUBSTITUTE(TRIM($AR10),"-",""),".",""),"/","")," ",""),8),5,2),--MID(LEFT(SUBSTITUTE(SUBSTITUTE(SUBSTITUTE(SUBSTITUTE(TRIM($AR10),"-",""),".",""),"/","")," ",""),8),7,2)),""))) | AT10: =IF($AS10="","",IF($F$6="",0,IF(ISNUMBER(INDEX($A:$AP,ROW(),$F$6)),INDEX($A:$AP,ROW(),$F$6),IFERROR(--SUBSTITUTE(SUBSTITUTE(TRIM(INDEX($A:$AP,ROW(),$F$6)),",",""),"원",""),0)))) | AU10: =IF($AS10="","",IF($AX10<>"",SUBSTITUTE(SUBSTITUTE($AX10,"-","")," ",""),"N:"&$AV10)) | AV10: =IF(OR($AS10="",$E$6=""),"",TRIM(INDEX($A:$AP,ROW(),$E$6)&"")) | AW10: =IF($AU10="","",IF(MATCH($AU10,$AU$8:$AU$2007,0)=ROW()-7,MAX($AW$7:$AW9)+1,"")) | AX10: =IF(OR($AS10="",$D$6=""),"",TRIM(INDEX($A:$AP,ROW(),$D$6)&"")) | AY10: =IF($AU10="","",INDEX($AW$8:$AW$2007,MATCH($AU10,$AU$8:$AU$2007,0))) | AZ10: =IF(OR($AS10="",$C$6=""),"",TRIM(INDEX($A:$AP,ROW(),$C$6)&"")) | BA10: =IF($AZ10="","",IF(COUNTIF($AZ$8:$AZ10,$AZ10)>1,1,0))
A11: 사업자등록번호 : 999-81-00001 (가상) | AR11: =IF(OR($A$5="",$B$6="",ROW()<$A$5),"",IF(INDEX($A:$AP,ROW(),$B$6)="","",INDEX($A:$AP,ROW(),$B$6))) | AS11: =IF($AR11="","",IF(ISNUMBER($AR11),IF($AR11>=10000000,IFERROR(DATE(INT($AR11/10000),MOD(INT($AR11/100),100),MOD($AR11,100)),""),INT($AR11)),IFERROR(DATE(--LEFT(LEFT(SUBSTITUTE(SUBSTITUTE(SUBSTITUTE(SUBSTITUTE(TRIM($AR11),"-",""),".",""),"/","")," ",""),8),4),--MID(LEFT(SUBSTITUTE(SUBSTITUTE(SUBSTITUTE(SUBSTITUTE(TRIM($AR11),"-",""),".",""),"/","")," ",""),8),5,2),--MID(LEFT(SUBSTITUTE(SUBSTITUTE(SUBSTITUTE(SUBSTITUTE(TRIM($AR11),"-",""),".",""),"/","")," ",""),8),7,2)),""))) | AT11: =IF($AS11="","",IF($F$6="",0,IF(ISNUMBER(INDEX($A:$AP,ROW(),$F$6)),INDEX($A:$AP,ROW(),$F$6),IFERROR(--SUBSTITUTE(SUBSTITUTE(TRIM(INDEX($A:$AP,ROW(),$F$6)),",",""),"원",""),0)))) | AU11: =IF($AS11="","",IF($AX11<>"",SUBSTITUTE(SUBSTITUTE($AX11,"-","")," ",""),"N:"&$AV11)) | AV11: =IF(OR($AS11="",$E$6=""),"",TRIM(INDEX($A:$AP,ROW(),$E$6)&"")) | AW11: =IF($AU11="","",IF(MATCH($AU11,$AU$8:$AU$2007,0)=ROW()-7,MAX($AW$7:$AW10)+1,"")) | AX11: =IF(OR($AS11="",$D$6=""),"",TRIM(INDEX($A:$AP,ROW(),$D$6)&"")) | AY11: =IF($AU11="","",INDEX($AW$8:$AW$2007,MATCH($AU11,$AU$8:$AU$2007,0))) | AZ11: =IF(OR($AS11="",$C$6=""),"",TRIM(INDEX($A:$AP,ROW(),$C$6)&"")) | BA11: =IF($AZ11="","",IF(COUNTIF($AZ$8:$AZ11,$AZ11)>1,1,0))
AR12: =IF(OR($A$5="",$B$6="",ROW()<$A$5),"",IF(INDEX($A:$AP,ROW(),$B$6)="","",INDEX($A:$AP,ROW(),$B$6))) | AS12: =IF($AR12="","",IF(ISNUMBER($AR12),IF($AR12>=10000000,IFERROR(DATE(INT($AR12/10000),MOD(INT($AR12/100),100),MOD($AR12,100)),""),INT($AR12)),IFERROR(DATE(--LEFT(LEFT(SUBSTITUTE(SUBSTITUTE(SUBSTITUTE(SUBSTITUTE(TRIM($AR12),"-",""),".",""),"/","")," ",""),8),4),--MID(LEFT(SUBSTITUTE(SUBSTITUTE(SUBSTITUTE(SUBSTITUTE(TRIM($AR12),"-",""),".",""),"/","")," ",""),8),5,2),--MID(LEFT(SUBSTITUTE(SUBSTITUTE(SUBSTITUTE(SUBSTITUTE(TRIM($AR12),"-",""),".",""),"/","")," ",""),8),7,2)),""))) | AT12: =IF($AS12="","",IF($F$6="",0,IF(ISNUMBER(INDEX($A:$AP,ROW(),$F$6)),INDEX($A:$AP,ROW(),$F$6),IFERROR(--SUBSTITUTE(SUBSTITUTE(TRIM(INDEX($A:$AP,ROW(),$F$6)),",",""),"원",""),0)))) | AU12: =IF($AS12="","",IF($AX12<>"",SUBSTITUTE(SUBSTITUTE($AX12,"-","")," ",""),"N:"&$AV12)) | AV12: =IF(OR($AS12="",$E$6=""),"",TRIM(INDEX($A:$AP,ROW(),$E$6)&"")) | AW12: =IF($AU12="","",IF(MATCH($AU12,$AU$8:$AU$2007,0)=ROW()-7,MAX($AW$7:$AW11)+1,"")) | AX12: =IF(OR($AS12="",$D$6=""),"",TRIM(INDEX($A:$AP,ROW(),$D$6)&"")) | AY12: =IF($AU12="","",INDEX($AW$8:$AW$2007,MATCH($AU12,$AU$8:$AU$2007,0))) | AZ12: =IF(OR($AS12="",$C$6=""),"",TRIM(INDEX($A:$AP,ROW(),$C$6)&"")) | BA12: =IF($AZ12="","",IF(COUNTIF($AZ$8:$AZ12,$AZ12)>1,1,0))
A13: 작성일자 | B13: 승인번호 | C13: 발급일자 | D13: 전송일자 | E13: 공급자사업자등록번호 | F13: 종사업장번호 | G13: 상호 | H13: 대표자명 | I13: 주소 | J13: 공급받는자사업자등록번호 | K13: 종사업장번호 | L13: 상호 | M13: 대표자명 | N13: 주소 | O13: 합계금액 | P13: 공급가액 | Q13: 세액 | R13: 전자세금계산서분류 | S13: 전자세금계산서종류 | T13: 발급유형 | AR13: =IF(OR($A$5="",$B$6="",ROW()<$A$5),"",IF(INDEX($A:$AP,ROW(),$B$6)="","",INDEX($A:$AP,ROW(),$B$6))) | AS13: =IF($AR13="","",IF(ISNUMBER($AR13),IF($AR13>=10000000,IFERROR(DATE(INT($AR13/10000),MOD(INT($AR13/100),100),MOD($AR13,100)),""),INT($AR13)),IFERROR(DATE(--LEFT(LEFT(SUBSTITUTE(SUBSTITUTE(SUBSTITUTE(SUBSTITUTE(TRIM($AR13),"-",""),".",""),"/","")," ",""),8),4),--MID(LEFT(SUBSTITUTE(SUBSTITUTE(SUBSTITUTE(SUBSTITUTE(TRIM($AR13),"-",""),".",""),"/","")," ",""),8),5,2),--MID(LEFT(SUBSTITUTE(SUBSTITUTE(SUBSTITUTE(SUBSTITUTE(TRIM($AR13),"-",""),".",""),"/","")," ",""),8),7,2)),""))) | AT13: =IF($AS13="","",IF($F$6="",0,IF(ISNUMBER(INDEX($A:$AP,ROW(),$F$6)),INDEX($A:$AP,ROW(),$F$6),IFERROR(--SUBSTITUTE(SUBSTITUTE(TRIM(INDEX($A:$AP,ROW(),$F$6)),",",""),"원",""),0)))) | AU13: =IF($AS13="","",IF($AX13<>"",SUBSTITUTE(SUBSTITUTE($AX13,"-","")," ",""),"N:"&$AV13)) | AV13: =IF(OR($AS13="",$E$6=""),"",TRIM(INDEX($A:$AP,ROW(),$E$6)&"")) | AW13: =IF($AU13="","",IF(MATCH($AU13,$AU$8:$AU$2007,0)=ROW()-7,MAX($AW$7:$AW12)+1,"")) | AX13: =IF(OR($AS13="",$D$6=""),"",TRIM(INDEX($A:$AP,ROW(),$D$6)&"")) | AY13: =IF($AU13="","",INDEX($AW$8:$AW$2007,MATCH($AU13,$AU$8:$AU$2007,0))) | AZ13: =IF(OR($AS13="",$C$6=""),"",TRIM(INDEX($A:$AP,ROW(),$C$6)&"")) | BA13: =IF($AZ13="","",IF(COUNTIF($AZ$8:$AZ13,$AZ13)>1,1,0))
A14: 2026-05-10 | B14: 20260510-41000 | C14: 2026-05-10 | D14: 2026-05-10 | E14: 999-81-00001 | G14: (주)가온상사 | H14: 김가온 | I14: 가상 주소 | J14: 999-81-10007 | L14: 한결건설(주) | M14: 대표 | N14: 가상 주소 | O14: 3300000 | P14: 3000000 | Q14: 300000 | R14: 세금계산서 | S14: 일반 | T14: 직접발급 | AR14: =IF(OR($A$5="",$B$6="",ROW()<$A$5),"",IF(INDEX($A:$AP,ROW(),$B$6)="","",INDEX($A:$AP,ROW(),$B$6))) | AS14: =IF($AR14="","",IF(ISNUMBER($AR14),IF($AR14>=10000000,IFERROR(DATE(INT($AR14/10000),MOD(INT($AR14/100),100),MOD($AR14,100)),""),INT($AR14)),IFERROR(DATE(--LEFT(LEFT(SUBSTITUTE(SUBSTITUTE(SUBSTITUTE(SUBSTITUTE(TRIM($AR14),"-",""),".",""),"/","")," ",""),8),4),--MID(LEFT(SUBSTITUTE(SUBSTITUTE(SUBSTITUTE(SUBSTITUTE(TRIM($AR14),"-",""),".",""),"/","")," ",""),8),5,2),--MID(LEFT(SUBSTITUTE(SUBSTITUTE(SUBSTITUTE(SUBSTITUTE(TRIM($AR14),"-",""),".",""),"/","")," ",""),8),7,2)),""))) | AT14: =IF($AS14="","",IF($F$6="",0,IF(ISNUMBER(INDEX($A:$AP,ROW(),$F$6)),INDEX($A:$AP,ROW(),$F$6),IFERROR(--SUBSTITUTE(SUBSTITUTE(TRIM(INDEX($A:$AP,ROW(),$F$6)),",",""),"원",""),0)))) | AU14: =IF($AS14="","",IF($AX14<>"",SUBSTITUTE(SUBSTITUTE($AX14,"-","")," ",""),"N:"&$AV14)) | AV14: =IF(OR($AS14="",$E$6=""),"",TRIM(INDEX($A:$AP,ROW(),$E$6)&"")) | AW14: =IF($AU14="","",IF(MATCH($AU14,$AU$8:$AU$2007,0)=ROW()-7,MAX($AW$7:$AW13)+1,"")) | AX14: =IF(OR($AS14="",$D$6=""),"",TRIM(INDEX($A:$AP,ROW(),$D$6)&"")) | AY14: =IF($AU14="","",INDEX($AW$8:$AW$2007,MATCH($AU14,$AU$8:$AU$2007,0))) | AZ14: =IF(OR($AS14="",$C$6=""),"",TRIM(INDEX($A:$AP,ROW(),$C$6)&"")) | BA14: =IF($AZ14="","",IF(COUNTIF($AZ$8:$AZ14,$AZ14)>1,1,0))
A15: 2026-06-01 | B15: 20260601-41001 | C15: 2026-06-01 | D15: 2026-06-01 | E15: 999-81-00001 | G15: (주)가온상사 | H15: 김가온 | I15: 가상 주소 | J15: 999-81-10008 | L15: 소나무상사 | M15: 대표 | N15: 가상 주소 | O15: 440000 | P15: 400000 | Q15: 40000 | R15: 세금계산서 | S15: 일반 | T15: 직접발급 | AR15: =IF(OR($A$5="",$B$6="",ROW()<$A$5),"",IF(INDEX($A:$AP,ROW(),$B$6)="","",INDEX($A:$AP,ROW(),$B$6))) | AS15: =IF($AR15="","",IF(ISNUMBER($AR15),IF($AR15>=10000000,IFERROR(DATE(INT($AR15/10000),MOD(INT($AR15/100),100),MOD($AR15,100)),""),INT($AR15)),IFERROR(DATE(--LEFT(LEFT(SUBSTITUTE(SUBSTITUTE(SUBSTITUTE(SUBSTITUTE(TRIM($AR15),"-",""),".",""),"/","")," ",""),8),4),--MID(LEFT(SUBSTITUTE(SUBSTITUTE(SUBSTITUTE(SUBSTITUTE(TRIM($AR15),"-",""),".",""),"/","")," ",""),8),5,2),--MID(LEFT(SUBSTITUTE(SUBSTITUTE(SUBSTITUTE(SUBSTITUTE(TRIM($AR15),"-",""),".",""),"/","")," ",""),8),7,2)),""))) | AT15: =IF($AS15="","",IF($F$6="",0,IF(ISNUMBER(INDEX($A:$AP,ROW(),$F$6)),INDEX($A:$AP,ROW(),$F$6),IFERROR(--SUBSTITUTE(SUBSTITUTE(TRIM(INDEX($A:$AP,ROW(),$F$6)),",",""),"원",""),0)))) | AU15: =IF($AS15="","",IF($AX15<>"",SUBSTITUTE(SUBSTITUTE($AX15,"-","")," ",""),"N:"&$AV15)) | AV15: =IF(OR($AS15="",$E$6=""),"",TRIM(INDEX($A:$AP,ROW(),$E$6)&"")) | AW15: =IF($AU15="","",IF(MATCH($AU15,$AU$8:$AU$2007,0)=ROW()-7,MAX($AW$7:$AW14)+1,"")) | AX15: =IF(OR($AS15="",$D$6=""),"",TRIM(INDEX($A:$AP,ROW(),$D$6)&"")) | AY15: =IF($AU15="","",INDEX($AW$8:$AW$2007,MATCH($AU15,$AU$8:$AU$2007,0))) | AZ15: =IF(OR($AS15="",$C$6=""),"",TRIM(INDEX($A:$AP,ROW(),$C$6)&"")) | BA15: =IF($AZ15="","",IF(COUNTIF($AZ$8:$AZ15,$AZ15)>1,1,0))
A16: 2026-06-30 | B16: 20260630-41002 | C16: 2026-06-30 | D16: 2026-06-30 | E16: 999-81-00001 | G16: (주)가온상사 | H16: 김가온 | I16: 가상 주소 | J16: 999-81-10001 | L16: (주)하늘정밀 | M16: 대표 | N16: 가상 주소 | O16: 4620000 | P16: 4200000 | Q16: 420000 | R16: 세금계산서 | S16: 일반 | T16: 직접발급 | AR16: =IF(OR($A$5="",$B$6="",ROW()<$A$5),"",IF(INDEX($A:$AP,ROW(),$B$6)="","",INDEX($A:$AP,ROW(),$B$6))) | AS16: =IF($AR16="","",IF(ISNUMBER($AR16),IF($AR16>=10000000,IFERROR(DATE(INT($AR16/10000),MOD(INT($AR16/100),100),MOD($AR16,100)),""),INT($AR16)),IFERROR(DATE(--LEFT(LEFT(SUBSTITUTE(SUBSTITUTE(SUBSTITUTE(SUBSTITUTE(TRIM($AR16),"-",""),".",""),"/","")," ",""),8),4),--MID(LEFT(SUBSTITUTE(SUBSTITUTE(SUBSTITUTE(SUBSTITUTE(TRIM($AR16),"-",""),".",""),"/","")," ",""),8),5,2),--MID(LEFT(SUBSTITUTE(SUBSTITUTE(SUBSTITUTE(SUBSTITUTE(TRIM($AR16),"-",""),".",""),"/","")," ",""),8),7,2)),""))) | AT16: =IF($AS16="","",IF($F$6="",0,IF(ISNUMBER(INDEX($A:$AP,ROW(),$F$6)),INDEX($A:$AP,ROW(),$F$6),IFERROR(--SUBSTITUTE(SUBSTITUTE(TRIM(INDEX($A:$AP,ROW(),$F$6)),",",""),"원",""),0)))) | AU16: =IF($AS16="","",IF($AX16<>"",SUBSTITUTE(SUBSTITUTE($AX16,"-","")," ",""),"N:"&$AV16)) | AV16: =IF(OR($AS16="",$E$6=""),"",TRIM(INDEX($A:$AP,ROW(),$E$6)&"")) | AW16: =IF($AU16="","",IF(MATCH($AU16,$AU$8:$AU$2007,0)=ROW()-7,MAX($AW$7:$AW15)+1,"")) | AX16: =IF(OR($AS16="",$D$6=""),"",TRIM(INDEX($A:$AP,ROW(),$D$6)&"")) | AY16: =IF($AU16="","",INDEX($AW$8:$AW$2007,MATCH($AU16,$AU$8:$AU$2007,0))) | AZ16: =IF(OR($AS16="",$C$6=""),"",TRIM(INDEX($A:$AP,ROW(),$C$6)&"")) | BA16: =IF($AZ16="","",IF(COUNTIF($AZ$8:$AZ16,$AZ16)>1,1,0))
A17: 2026-07-01 | B17: 20260701-41003 | C17: 2026-07-01 | D17: 2026-07-01 | E17: 999-81-00001 | G17: (주)가온상사 | H17: 김가온 | I17: 가상 주소 | J17: 999-81-10007 | L17: 한결건설(주) | M17: 대표 | N17: 가상 주소 | O17: 4950000 | P17: 4500000 | Q17: 450000 | R17: 세금계산서 | S17: 일반 | T17: 직접발급 | AR17: =IF(OR($A$5="",$B$6="",ROW()<$A$5),"",IF(INDEX($A:$AP,ROW(),$B$6)="","",INDEX($A:$AP,ROW(),$B$6))) | AS17: =IF($AR17="","",IF(ISNUMBER($AR17),IF($AR17>=10000000,IFERROR(DATE(INT($AR17/10000),MOD(INT($AR17/100),100),MOD($AR17,100)),""),INT($AR17)),IFERROR(DATE(--LEFT(LEFT(SUBSTITUTE(SUBSTITUTE(SUBSTITUTE(SUBSTITUTE(TRIM($AR17),"-",""),".",""),"/","")," ",""),8),4),--MID(LEFT(SUBSTITUTE(SUBSTITUTE(SUBSTITUTE(SUBSTITUTE(TRIM($AR17),"-",""),".",""),"/","")," ",""),8),5,2),--MID(LEFT(SUBSTITUTE(SUBSTITUTE(SUBSTITUTE(SUBSTITUTE(TRIM($AR17),"-",""),".",""),"/","")," ",""),8),7,2)),""))) | AT17: =IF($AS17="","",IF($F$6="",0,IF(ISNUMBER(INDEX($A:$AP,ROW(),$F$6)),INDEX($A:$AP,ROW(),$F$6),IFERROR(--SUBSTITUTE(SUBSTITUTE(TRIM(INDEX($A:$AP,ROW(),$F$6)),",",""),"원",""),0)))) | AU17: =IF($AS17="","",IF($AX17<>"",SUBSTITUTE(SUBSTITUTE($AX17,"-","")," ",""),"N:"&$AV17)) | AV17: =IF(OR($AS17="",$E$6=""),"",TRIM(INDEX($A:$AP,ROW(),$E$6)&"")) | AW17: =IF($AU17="","",IF(MATCH($AU17,$AU$8:$AU$2007,0)=ROW()-7,MAX($AW$7:$AW16)+1,"")) | AX17: =IF(OR($AS17="",$D$6=""),"",TRIM(INDEX($A:$AP,ROW(),$D$6)&"")) | AY17: =IF($AU17="","",INDEX($AW$8:$AW$2007,MATCH($AU17,$AU$8:$AU$2007,0))) | AZ17: =IF(OR($AS17="",$C$6=""),"",TRIM(INDEX($A:$AP,ROW(),$C$6)&"")) | BA17: =IF($AZ17="","",IF(COUNTIF($AZ$8:$AZ17,$AZ17)>1,1,0))
A18: 2026-07-03 | B18: 20260703-41004 | C18: 2026-07-03 | D18: 2026-07-03 | E18: 999-81-00001 | G18: (주)가온상사 | H18: 김가온 | I18: 가상 주소 | J18: 999-81-10003 | L18: 새봄유통(주) | M18: 대표 | N18: 가상 주소 | O18: 6600000 | P18: 6000000 | Q18: 600000 | R18: 세금계산서 | S18: 일반 | T18: 직접발급 | AR18: =IF(OR($A$5="",$B$6="",ROW()<$A$5),"",IF(INDEX($A:$AP,ROW(),$B$6)="","",INDEX($A:$AP,ROW(),$B$6))) | AS18: =IF($AR18="","",IF(ISNUMBER($AR18),IF($AR18>=10000000,IFERROR(DATE(INT($AR18/10000),MOD(INT($AR18/100),100),MOD($AR18,100)),""),INT($AR18)),IFERROR(DATE(--LEFT(LEFT(SUBSTITUTE(SUBSTITUTE(SUBSTITUTE(SUBSTITUTE(TRIM($AR18),"-",""),".",""),"/","")," ",""),8),4),--MID(LEFT(SUBSTITUTE(SUBSTITUTE(SUBSTITUTE(SUBSTITUTE(TRIM($AR18),"-",""),".",""),"/","")," ",""),8),5,2),--MID(LEFT(SUBSTITUTE(SUBSTITUTE(SUBSTITUTE(SUBSTITUTE(TRIM($AR18),"-",""),".",""),"/","")," ",""),8),7,2)),""))) | AT18: =IF($AS18="","",IF($F$6="",0,IF(ISNUMBER(INDEX($A:$AP,ROW(),$F$6)),INDEX($A:$AP,ROW(),$F$6),IFERROR(--SUBSTITUTE(SUBSTITUTE(TRIM(INDEX($A:$AP,ROW(),$F$6)),",",""),"원",""),0)))) | AU18: =IF($AS18="","",IF($AX18<>"",SUBSTITUTE(SUBSTITUTE($AX18,"-","")," ",""),"N:"&$AV18)) | AV18: =IF(OR($AS18="",$E$6=""),"",TRIM(INDEX($A:$AP,ROW(),$E$6)&"")) | AW18: =IF($AU18="","",IF(MATCH($AU18,$AU$8:$AU$2007,0)=ROW()-7,MAX($AW$7:$AW17)+1,"")) | AX18: =IF(OR($AS18="",$D$6=""),"",TRIM(INDEX($A:$AP,ROW(),$D$6)&"")) | AY18: =IF($AU18="","",INDEX($AW$8:$AW$2007,MATCH($AU18,$AU$8:$AU$2007,0))) | AZ18: =IF(OR($AS18="",$C$6=""),"",TRIM(INDEX($A:$AP,ROW(),$C$6)&"")) | BA18: =IF($AZ18="","",IF(COUNTIF($AZ$8:$AZ18,$AZ18)>1,1,0))
A19: 2026-07-15 | B19: 20260715-41005 | C19: 2026-07-15 | D19: 2026-07-15 | E19: 999-81-00001 | G19: (주)가온상사 | H19: 김가온 | I19: 가상 주소 | J19: 999-81-10002 | L19: (주)바람테크 | M19: 대표 | N19: 가상 주소 | O19: 1650000 | P19: 1500000 | Q19: 150000 | R19: 세금계산서 | S19: 일반 | T19: 직접발급 | AR19: =IF(OR($A$5="",$B$6="",ROW()<$A$5),"",IF(INDEX($A:$AP,ROW(),$B$6)="","",INDEX($A:$AP,ROW(),$B$6))) | AS19: =IF($AR19="","",IF(ISNUMBER($AR19),IF($AR19>=10000000,IFERROR(DATE(INT($AR19/10000),MOD(INT($AR19/100),100),MOD($AR19,100)),""),INT($AR19)),IFERROR(DATE(--LEFT(LEFT(SUBSTITUTE(SUBSTITUTE(SUBSTITUTE(SUBSTITUTE(TRIM($AR19),"-",""),".",""),"/","")," ",""),8),4),--MID(LEFT(SUBSTITUTE(SUBSTITUTE(SUBSTITUTE(SUBSTITUTE(TRIM($AR19),"-",""),".",""),"/","")," ",""),8),5,2),--MID(LEFT(SUBSTITUTE(SUBSTITUTE(SUBSTITUTE(SUBSTITUTE(TRIM($AR19),"-",""),".",""),"/","")," ",""),8),7,2)),""))) | AT19: =IF($AS19="","",IF($F$6="",0,IF(ISNUMBER(INDEX($A:$AP,ROW(),$F$6)),INDEX($A:$AP,ROW(),$F$6),IFERROR(--SUBSTITUTE(SUBSTITUTE(TRIM(INDEX($A:$AP,ROW(),$F$6)),",",""),"원",""),0)))) | AU19: =IF($AS19="","",IF($AX19<>"",SUBSTITUTE(SUBSTITUTE($AX19,"-","")," ",""),"N:"&$AV19)) | AV19: =IF(OR($AS19="",$E$6=""),"",TRIM(INDEX($A:$AP,ROW(),$E$6)&"")) | AW19: =IF($AU19="","",IF(MATCH($AU19,$AU$8:$AU$2007,0)=ROW()-7,MAX($AW$7:$AW18)+1,"")) | AX19: =IF(OR($AS19="",$D$6=""),"",TRIM(INDEX($A:$AP,ROW(),$D$6)&"")) | AY19: =IF($AU19="","",INDEX($AW$8:$AW$2007,MATCH($AU19,$AU$8:$AU$2007,0))) | AZ19: =IF(OR($AS19="",$C$6=""),"",TRIM(INDEX($A:$AP,ROW(),$C$6)&"")) | BA19: =IF($AZ19="","",IF(COUNTIF($AZ$8:$AZ19,$AZ19)>1,1,0))
A20: 2026-07-20 | B20: 20260720-41006 | C20: 2026-07-20 | D20: 2026-07-20 | E20: 999-81-00001 | G20: (주)가온상사 | H20: 김가온 | I20: 가상 주소 | J20: 999-81-10005 | L20: 해솔물산 | M20: 대표 | N20: 가상 주소 | O20: 1320000 | P20: 1200000 | Q20: 120000 | R20: 세금계산서 | S20: 일반 | T20: 직접발급 | AR20: =IF(OR($A$5="",$B$6="",ROW()<$A$5),"",IF(INDEX($A:$AP,ROW(),$B$6)="","",INDEX($A:$AP,ROW(),$B$6))) | AS20: =IF($AR20="","",IF(ISNUMBER($AR20),IF($AR20>=10000000,IFERROR(DATE(INT($AR20/10000),MOD(INT($AR20/100),100),MOD($AR20,100)),""),INT($AR20)),IFERROR(DATE(--LEFT(LEFT(SUBSTITUTE(SUBSTITUTE(SUBSTITUTE(SUBSTITUTE(TRIM($AR20),"-",""),".",""),"/","")," ",""),8),4),--MID(LEFT(SUBSTITUTE(SUBSTITUTE(SUBSTITUTE(SUBSTITUTE(TRIM($AR20),"-",""),".",""),"/","")," ",""),8),5,2),--MID(LEFT(SUBSTITUTE(SUBSTITUTE(SUBSTITUTE(SUBSTITUTE(TRIM($AR20),"-",""),".",""),"/","")," ",""),8),7,2)),""))) | AT20: =IF($AS20="","",IF($F$6="",0,IF(ISNUMBER(INDEX($A:$AP,ROW(),$F$6)),INDEX($A:$AP,ROW(),$F$6),IFERROR(--SUBSTITUTE(SUBSTITUTE(TRIM(INDEX($A:$AP,ROW(),$F$6)),",",""),"원",""),0)))) | AU20: =IF($AS20="","",IF($AX20<>"",SUBSTITUTE(SUBSTITUTE($AX20,"-","")," ",""),"N:"&$AV20)) | AV20: =IF(OR($AS20="",$E$6=""),"",TRIM(INDEX($A:$AP,ROW(),$E$6)&"")) | AW20: =IF($AU20="","",IF(MATCH($AU20,$AU$8:$AU$2007,0)=ROW()-7,MAX($AW$7:$AW19)+1,"")) | AX20: =IF(OR($AS20="",$D$6=""),"",TRIM(INDEX($A:$AP,ROW(),$D$6)&"")) | AY20: =IF($AU20="","",INDEX($AW$8:$AW$2007,MATCH($AU20,$AU$8:$AU$2007,0))) | AZ20: =IF(OR($AS20="",$C$6=""),"",TRIM(INDEX($A:$AP,ROW(),$C$6)&"")) | BA20: =IF($AZ20="","",IF(COUNTIF($AZ$8:$AZ20,$AZ20)>1,1,0))
A21: 2026-08-05 | B21: 20260805-41007 | C21: 2026-08-05 | D21: 2026-08-05 | E21: 999-81-00001 | G21: (주)가온상사 | H21: 김가온 | I21: 가상 주소 | J21: 999-81-10004 | L21: (주)다온산업 | M21: 대표 | N21: 가상 주소 | O21: 7700000 | P21: 7000000 | Q21: 700000 | R21: 세금계산서 | S21: 일반 | T21: 직접발급 | AR21: =IF(OR($A$5="",$B$6="",ROW()<$A$5),"",IF(INDEX($A:$AP,ROW(),$B$6)="","",INDEX($A:$AP,ROW(),$B$6))) | AS21: =IF($AR21="","",IF(ISNUMBER($AR21),IF($AR21>=10000000,IFERROR(DATE(INT($AR21/10000),MOD(INT($AR21/100),100),MOD($AR21,100)),""),INT($AR21)),IFERROR(DATE(--LEFT(LEFT(SUBSTITUTE(SUBSTITUTE(SUBSTITUTE(SUBSTITUTE(TRIM($AR21),"-",""),".",""),"/","")," ",""),8),4),--MID(LEFT(SUBSTITUTE(SUBSTITUTE(SUBSTITUTE(SUBSTITUTE(TRIM($AR21),"-",""),".",""),"/","")," ",""),8),5,2),--MID(LEFT(SUBSTITUTE(SUBSTITUTE(SUBSTITUTE(SUBSTITUTE(TRIM($AR21),"-",""),".",""),"/","")," ",""),8),7,2)),""))) | AT21: =IF($AS21="","",IF($F$6="",0,IF(ISNUMBER(INDEX($A:$AP,ROW(),$F$6)),INDEX($A:$AP,ROW(),$F$6),IFERROR(--SUBSTITUTE(SUBSTITUTE(TRIM(INDEX($A:$AP,ROW(),$F$6)),",",""),"원",""),0)))) | AU21: =IF($AS21="","",IF($AX21<>"",SUBSTITUTE(SUBSTITUTE($AX21,"-","")," ",""),"N:"&$AV21)) | AV21: =IF(OR($AS21="",$E$6=""),"",TRIM(INDEX($A:$AP,ROW(),$E$6)&"")) | AW21: =IF($AU21="","",IF(MATCH($AU21,$AU$8:$AU$2007,0)=ROW()-7,MAX($AW$7:$AW20)+1,"")) | AX21: =IF(OR($AS21="",$D$6=""),"",TRIM(INDEX($A:$AP,ROW(),$D$6)&"")) | AY21: =IF($AU21="","",INDEX($AW$8:$AW$2007,MATCH($AU21,$AU$8:$AU$2007,0))) | AZ21: =IF(OR($AS21="",$C$6=""),"",TRIM(INDEX($A:$AP,ROW(),$C$6)&"")) | BA21: =IF($AZ21="","",IF(COUNTIF($AZ$8:$AZ21,$AZ21)>1,1,0))
A22: 2026-08-10 | B22: 20260810-41008 | C22: 2026-08-10 | D22: 2026-08-10 | E22: 999-81-00001 | G22: (주)가온상사 | H22: 김가온 | I22: 가상 주소 | J22: 999-81-10001 | L22: (주)하늘정밀 | M22: 대표 | N22: 가상 주소 | O22: 3300000 | P22: 3000000 | Q22: 300000 | R22: 세금계산서 | S22: 일반 | T22: 직접발급 | AR22: =IF(OR($A$5="",$B$6="",ROW()<$A$5),"",IF(INDEX($A:$AP,ROW(),$B$6)="","",INDEX($A:$AP,ROW(),$B$6))) | AS22: =IF($AR22="","",IF(ISNUMBER($AR22),IF($AR22>=10000000,IFERROR(DATE(INT($AR22/10000),MOD(INT($AR22/100),100),MOD($AR22,100)),""),INT($AR22)),IFERROR(DATE(--LEFT(LEFT(SUBSTITUTE(SUBSTITUTE(SUBSTITUTE(SUBSTITUTE(TRIM($AR22),"-",""),".",""),"/","")," ",""),8),4),--MID(LEFT(SUBSTITUTE(SUBSTITUTE(SUBSTITUTE(SUBSTITUTE(TRIM($AR22),"-",""),".",""),"/","")," ",""),8),5,2),--MID(LEFT(SUBSTITUTE(SUBSTITUTE(SUBSTITUTE(SUBSTITUTE(TRIM($AR22),"-",""),".",""),"/","")," ",""),8),7,2)),""))) | AT22: =IF($AS22="","",IF($F$6="",0,IF(ISNUMBER(INDEX($A:$AP,ROW(),$F$6)),INDEX($A:$AP,ROW(),$F$6),IFERROR(--SUBSTITUTE(SUBSTITUTE(TRIM(INDEX($A:$AP,ROW(),$F$6)),",",""),"원",""),0)))) | AU22: =IF($AS22="","",IF($AX22<>"",SUBSTITUTE(SUBSTITUTE($AX22,"-","")," ",""),"N:"&$AV22)) | AV22: =IF(OR($AS22="",$E$6=""),"",TRIM(INDEX($A:$AP,ROW(),$E$6)&"")) | AW22: =IF($AU22="","",IF(MATCH($AU22,$AU$8:$AU$2007,0)=ROW()-7,MAX($AW$7:$AW21)+1,"")) | AX22: =IF(OR($AS22="",$D$6=""),"",TRIM(INDEX($A:$AP,ROW(),$D$6)&"")) | AY22: =IF($AU22="","",INDEX($AW$8:$AW$2007,MATCH($AU22,$AU$8:$AU$2007,0))) | AZ22: =IF(OR($AS22="",$C$6=""),"",TRIM(INDEX($A:$AP,ROW(),$C$6)&"")) | BA22: =IF($AZ22="","",IF(COUNTIF($AZ$8:$AZ22,$AZ22)>1,1,0))
A23: 2026-08-20 | B23: 20260820-41009 | C23: 2026-08-20 | D23: 2026-08-20 | E23: 999-81-00001 | G23: (주)가온상사 | H23: 김가온 | I23: 가상 주소 | J23: 999-81-10003 | L23: 새봄유통(주) | M23: 대표 | N23: 가상 주소 | O23: 4400000 | P23: 4000000 | Q23: 400000 | R23: 세금계산서 | S23: 일반 | T23: 직접발급 | AR23: =IF(OR($A$5="",$B$6="",ROW()<$A$5),"",IF(INDEX($A:$AP,ROW(),$B$6)="","",INDEX($A:$AP,ROW(),$B$6))) | AS23: =IF($AR23="","",IF(ISNUMBER($AR23),IF($AR23>=10000000,IFERROR(DATE(INT($AR23/10000),MOD(INT($AR23/100),100),MOD($AR23,100)),""),INT($AR23)),IFERROR(DATE(--LEFT(LEFT(SUBSTITUTE(SUBSTITUTE(SUBSTITUTE(SUBSTITUTE(TRIM($AR23),"-",""),".",""),"/","")," ",""),8),4),--MID(LEFT(SUBSTITUTE(SUBSTITUTE(SUBSTITUTE(SUBSTITUTE(TRIM($AR23),"-",""),".",""),"/","")," ",""),8),5,2),--MID(LEFT(SUBSTITUTE(SUBSTITUTE(SUBSTITUTE(SUBSTITUTE(TRIM($AR23),"-",""),".",""),"/","")," ",""),8),7,2)),""))) | AT23: =IF($AS23="","",IF($F$6="",0,IF(ISNUMBER(INDEX($A:$AP,ROW(),$F$6)),INDEX($A:$AP,ROW(),$F$6),IFERROR(--SUBSTITUTE(SUBSTITUTE(TRIM(INDEX($A:$AP,ROW(),$F$6)),",",""),"원",""),0)))) | AU23: =IF($AS23="","",IF($AX23<>"",SUBSTITUTE(SUBSTITUTE($AX23,"-","")," ",""),"N:"&$AV23)) | AV23: =IF(OR($AS23="",$E$6=""),"",TRIM(INDEX($A:$AP,ROW(),$E$6)&"")) | AW23: =IF($AU23="","",IF(MATCH($AU23,$AU$8:$AU$2007,0)=ROW()-7,MAX($AW$7:$AW22)+1,"")) | AX23: =IF(OR($AS23="",$D$6=""),"",TRIM(INDEX($A:$AP,ROW(),$D$6)&"")) | AY23: =IF($AU23="","",INDEX($AW$8:$AW$2007,MATCH($AU23,$AU$8:$AU$2007,0))) | AZ23: =IF(OR($AS23="",$C$6=""),"",TRIM(INDEX($A:$AP,ROW(),$C$6)&"")) | BA23: =IF($AZ23="","",IF(COUNTIF($AZ$8:$AZ23,$AZ23)>1,1,0))
A24: 2026-09-01 | B24: 20260901-41010 | C24: 2026-09-01 | D24: 2026-09-01 | E24: 999-81-00001 | G24: (주)가온상사 | H24: 김가온 | I24: 가상 주소 | J24: 999-81-10005 | L24: 해솔물산 | M24: 대표 | N24: 가상 주소 | O24: 1320000 | P24: 1200000 | Q24: 120000 | R24: 세금계산서 | S24: 일반 | T24: 직접발급 | AR24: =IF(OR($A$5="",$B$6="",ROW()<$A$5),"",IF(INDEX($A:$AP,ROW(),$B$6)="","",INDEX($A:$AP,ROW(),$B$6))) | AS24: =IF($AR24="","",IF(ISNUMBER($AR24),IF($AR24>=10000000,IFERROR(DATE(INT($AR24/10000),MOD(INT($AR24/100),100),MOD($AR24,100)),""),INT($AR24)),IFERROR(DATE(--LEFT(LEFT(SUBSTITUTE(SUBSTITUTE(SUBSTITUTE(SUBSTITUTE(TRIM($AR24),"-",""),".",""),"/","")," ",""),8),4),--MID(LEFT(SUBSTITUTE(SUBSTITUTE(SUBSTITUTE(SUBSTITUTE(TRIM($AR24),"-",""),".",""),"/","")," ",""),8),5,2),--MID(LEFT(SUBSTITUTE(SUBSTITUTE(SUBSTITUTE(SUBSTITUTE(TRIM($AR24),"-",""),".",""),"/","")," ",""),8),7,2)),""))) | AT24: =IF($AS24="","",IF($F$6="",0,IF(ISNUMBER(INDEX($A:$AP,ROW(),$F$6)),INDEX($A:$AP,ROW(),$F$6),IFERROR(--SUBSTITUTE(SUBSTITUTE(TRIM(INDEX($A:$AP,ROW(),$F$6)),",",""),"원",""),0)))) | AU24: =IF($AS24="","",IF($AX24<>"",SUBSTITUTE(SUBSTITUTE($AX24,"-","")," ",""),"N:"&$AV24)) | AV24: =IF(OR($AS24="",$E$6=""),"",TRIM(INDEX($A:$AP,ROW(),$E$6)&"")) | AW24: =IF($AU24="","",IF(MATCH($AU24,$AU$8:$AU$2007,0)=ROW()-7,MAX($AW$7:$AW23)+1,"")) | AX24: =IF(OR($AS24="",$D$6=""),"",TRIM(INDEX($A:$AP,ROW(),$D$6)&"")) | AY24: =IF($AU24="","",INDEX($AW$8:$AW$2007,MATCH($AU24,$AU$8:$AU$2007,0))) | AZ24: =IF(OR($AS24="",$C$6=""),"",TRIM(INDEX($A:$AP,ROW(),$C$6)&"")) | BA24: =IF($AZ24="","",IF(COUNTIF($AZ$8:$AZ24,$AZ24)>1,1,0))
A25: 2026-09-05 | B25: 20260905-41011 | C25: 2026-09-05 | D25: 2026-09-05 | E25: 999-81-00001 | G25: (주)가온상사 | H25: 김가온 | I25: 가상 주소 | J25: 999-81-10002 | L25: (주)바람테크 | M25: 대표 | N25: 가상 주소 | O25: 2750000 | P25: 2500000 | Q25: 250000 | R25: 세금계산서 | S25: 일반 | T25: 직접발급 | AR25: =IF(OR($A$5="",$B$6="",ROW()<$A$5),"",IF(INDEX($A:$AP,ROW(),$B$6)="","",INDEX($A:$AP,ROW(),$B$6))) | AS25: =IF($AR25="","",IF(ISNUMBER($AR25),IF($AR25>=10000000,IFERROR(DATE(INT($AR25/10000),MOD(INT($AR25/100),100),MOD($AR25,100)),""),INT($AR25)),IFERROR(DATE(--LEFT(LEFT(SUBSTITUTE(SUBSTITUTE(SUBSTITUTE(SUBSTITUTE(TRIM($AR25),"-",""),".",""),"/","")," ",""),8),4),--MID(LEFT(SUBSTITUTE(SUBSTITUTE(SUBSTITUTE(SUBSTITUTE(TRIM($AR25),"-",""),".",""),"/","")," ",""),8),5,2),--MID(LEFT(SUBSTITUTE(SUBSTITUTE(SUBSTITUTE(SUBSTITUTE(TRIM($AR25),"-",""),".",""),"/","")," ",""),8),7,2)),""))) | AT25: =IF($AS25="","",IF($F$6="",0,IF(ISNUMBER(INDEX($A:$AP,ROW(),$F$6)),INDEX($A:$AP,ROW(),$F$6),IFERROR(--SUBSTITUTE(SUBSTITUTE(TRIM(INDEX($A:$AP,ROW(),$F$6)),",",""),"원",""),0)))) | AU25: =IF($AS25="","",IF($AX25<>"",SUBSTITUTE(SUBSTITUTE($AX25,"-","")," ",""),"N:"&$AV25)) | AV25: =IF(OR($AS25="",$E$6=""),"",TRIM(INDEX($A:$AP,ROW(),$E$6)&"")) | AW25: =IF($AU25="","",IF(MATCH($AU25,$AU$8:$AU$2007,0)=ROW()-7,MAX($AW$7:$AW24)+1,"")) | AX25: =IF(OR($AS25="",$D$6=""),"",TRIM(INDEX($A:$AP,ROW(),$D$6)&"")) | AY25: =IF($AU25="","",INDEX($AW$8:$AW$2007,MATCH($AU25,$AU$8:$AU$2007,0))) | AZ25: =IF(OR($AS25="",$C$6=""),"",TRIM(INDEX($A:$AP,ROW(),$C$6)&"")) | BA25: =IF($AZ25="","",IF(COUNTIF($AZ$8:$AZ25,$AZ25)>1,1,0))
... A33: 2026-10-20 | B33: 20261020-41019 | C33: 2026-10-20 | D33: 2026-10-20 | E33: 999-81-00001 | G33: (주)가온상사 | H33: 김가온 | I33: 가상 주소 | J33: 999-81-10002 | L33: (주)바람테크 | M33: 대표 | N33: 가상 주소 | O33: 1100000 | P33: 1000000 | Q33: 100000 | R33: 세금계산서 | S33: 일반 | T33: 직접발급 | AR33: =IF(OR($A$5="",$B$6="",ROW()<$A$5),"",IF(INDEX($A:$AP,ROW(),$B$6)="","",INDEX($A:$AP,ROW(),$B$6))) | AS33: =IF($AR33="","",IF(ISNUMBER($AR33),IF($AR33>=10000000,IFERROR(DATE(INT($AR33/10000),MOD(INT($AR33/100),100),MOD($AR33,100)),""),INT($AR33)),IFERROR(DATE(--LEFT(LEFT(SUBSTITUTE(SUBSTITUTE(SUBSTITUTE(SUBSTITUTE(TRIM($AR33),"-",""),".",""),"/","")," ",""),8),4),--MID(LEFT(SUBSTITUTE(SUBSTITUTE(SUBSTITUTE(SUBSTITUTE(TRIM($AR33),"-",""),".",""),"/","")," ",""),8),5,2),--MID(LEFT(SUBSTITUTE(SUBSTITUTE(SUBSTITUTE(SUBSTITUTE(TRIM($AR33),"-",""),".",""),"/","")," ",""),8),7,2)),""))) | AT33: =IF($AS33="","",IF($F$6="",0,IF(ISNUMBER(INDEX($A:$AP,ROW(),$F$6)),INDEX($A:$AP,ROW(),$F$6),IFERROR(--SUBSTITUTE(SUBSTITUTE(TRIM(INDEX($A:$AP,ROW(),$F$6)),",",""),"원",""),0)))) | AU33: =IF($AS33="","",IF($AX33<>"",SUBSTITUTE(SUBSTITUTE($AX33,"-","")," ",""),"N:"&$AV33)) | AV33: =IF(OR($AS33="",$E$6=""),"",TRIM(INDEX($A:$AP,ROW(),$E$6)&"")) | AW33: =IF($AU33="","",IF(MATCH($AU33,$AU$8:$AU$2007,0)=ROW()-7,MAX($AW$7:$AW32)+1,"")) | AX33: =IF(OR($AS33="",$D$6=""),"",TRIM(INDEX($A:$AP,ROW(),$D$6)&"")) | AY33: =IF($AU33="","",INDEX($AW$8:$AW$2007,MATCH($AU33,$AU$8:$AU$2007,0))) | AZ33: =IF(OR($AS33="",$C$6=""),"",TRIM(INDEX($A:$AP,ROW(),$C$6)&"")) | BA33: =IF($AZ33="","",IF(COUNTIF($AZ$8:$AZ33,$AZ33)>1,1,0))
AR34: =IF(OR($A$5="",$B$6="",ROW()<$A$5),"",IF(INDEX($A:$AP,ROW(),$B$6)="","",INDEX($A:$AP,ROW(),$B$6))) | AS34: =IF($AR34="","",IF(ISNUMBER($AR34),IF($AR34>=10000000,IFERROR(DATE(INT($AR34/10000),MOD(INT($AR34/100),100),MOD($AR34,100)),""),INT($AR34)),IFERROR(DATE(--LEFT(LEFT(SUBSTITUTE(SUBSTITUTE(SUBSTITUTE(SUBSTITUTE(TRIM($AR34),"-",""),".",""),"/","")," ",""),8),4),--MID(LEFT(SUBSTITUTE(SUBSTITUTE(SUBSTITUTE(SUBSTITUTE(TRIM($AR34),"-",""),".",""),"/","")," ",""),8),5,2),--MID(LEFT(SUBSTITUTE(SUBSTITUTE(SUBSTITUTE(SUBSTITUTE(TRIM($AR34),"-",""),".",""),"/","")," ",""),8),7,2)),""))) | AT34: =IF($AS34="","",IF($F$6="",0,IF(ISNUMBER(INDEX($A:$AP,ROW(),$F$6)),INDEX($A:$AP,ROW(),$F$6),IFERROR(--SUBSTITUTE(SUBSTITUTE(TRIM(INDEX($A:$AP,ROW(),$F$6)),",",""),"원",""),0)))) | AU34: =IF($AS34="","",IF($AX34<>"",SUBSTITUTE(SUBSTITUTE($AX34,"-","")," ",""),"N:"&$AV34)) | AV34: =IF(OR($AS34="",$E$6=""),"",TRIM(INDEX($A:$AP,ROW(),$E$6)&"")) | AW34: =IF($AU34="","",IF(MATCH($AU34,$AU$8:$AU$2007,0)=ROW()-7,MAX($AW$7:$AW33)+1,"")) | AX34: =IF(OR($AS34="",$D$6=""),"",TRIM(INDEX($A:$AP,ROW(),$D$6)&"")) | AY34: =IF($AU34="","",INDEX($AW$8:$AW$2007,MATCH($AU34,$AU$8:$AU$2007,0))) | AZ34: =IF(OR($AS34="",$C$6=""),"",TRIM(INDEX($A:$AP,ROW(),$C$6)&"")) | BA34: =IF($AZ34="","",IF(COUNTIF($AZ$8:$AZ34,$AZ34)>1,1,0))
AR35: =IF(OR($A$5="",$B$6="",ROW()<$A$5),"",IF(INDEX($A:$AP,ROW(),$B$6)="","",INDEX($A:$AP,ROW(),$B$6))) | AS35: =IF($AR35="","",IF(ISNUMBER($AR35),IF($AR35>=10000000,IFERROR(DATE(INT($AR35/10000),MOD(INT($AR35/100),100),MOD($AR35,100)),""),INT($AR35)),IFERROR(DATE(--LEFT(LEFT(SUBSTITUTE(SUBSTITUTE(SUBSTITUTE(SUBSTITUTE(TRIM($AR35),"-",""),".",""),"/","")," ",""),8),4),--MID(LEFT(SUBSTITUTE(SUBSTITUTE(SUBSTITUTE(SUBSTITUTE(TRIM($AR35),"-",""),".",""),"/","")," ",""),8),5,2),--MID(LEFT(SUBSTITUTE(SUBSTITUTE(SUBSTITUTE(SUBSTITUTE(TRIM($AR35),"-",""),".",""),"/","")," ",""),8),7,2)),""))) | AT35: =IF($AS35="","",IF($F$6="",0,IF(ISNUMBER(INDEX($A:$AP,ROW(),$F$6)),INDEX($A:$AP,ROW(),$F$6),IFERROR(--SUBSTITUTE(SUBSTITUTE(TRIM(INDEX($A:$AP,ROW(),$F$6)),",",""),"원",""),0)))) | AU35: =IF($AS35="","",IF($AX35<>"",SUBSTITUTE(SUBSTITUTE($AX35,"-","")," ",""),"N:"&$AV35)) | AV35: =IF(OR($AS35="",$E$6=""),"",TRIM(INDEX($A:$AP,ROW(),$E$6)&"")) | AW35: =IF($AU35="","",IF(MATCH($AU35,$AU$8:$AU$2007,0)=ROW()-7,MAX($AW$7:$AW34)+1,"")) | AX35: =IF(OR($AS35="",$D$6=""),"",TRIM(INDEX($A:$AP,ROW(),$D$6)&"")) | AY35: =IF($AU35="","",INDEX($AW$8:$AW$2007,MATCH($AU35,$AU$8:$AU$2007,0))) | AZ35: =IF(OR($AS35="",$C$6=""),"",TRIM(INDEX($A:$AP,ROW(),$C$6)&"")) | BA35: =IF($AZ35="","",IF(COUNTIF($AZ$8:$AZ35,$AZ35)>1,1,0))
AR36: =IF(OR($A$5="",$B$6="",ROW()<$A$5),"",IF(INDEX($A:$AP,ROW(),$B$6)="","",INDEX($A:$AP,ROW(),$B$6))) | AS36: =IF($AR36="","",IF(ISNUMBER($AR36),IF($AR36>=10000000,IFERROR(DATE(INT($AR36/10000),MOD(INT($AR36/100),100),MOD($AR36,100)),""),INT($AR36)),IFERROR(DATE(--LEFT(LEFT(SUBSTITUTE(SUBSTITUTE(SUBSTITUTE(SUBSTITUTE(TRIM($AR36),"-",""),".",""),"/","")," ",""),8),4),--MID(LEFT(SUBSTITUTE(SUBSTITUTE(SUBSTITUTE(SUBSTITUTE(TRIM($AR36),"-",""),".",""),"/","")," ",""),8),5,2),--MID(LEFT(SUBSTITUTE(SUBSTITUTE(SUBSTITUTE(SUBSTITUTE(TRIM($AR36),"-",""),".",""),"/","")," ",""),8),7,2)),""))) | AT36: =IF($AS36="","",IF($F$6="",0,IF(ISNUMBER(INDEX($A:$AP,ROW(),$F$6)),INDEX($A:$AP,ROW(),$F$6),IFERROR(--SUBSTITUTE(SUBSTITUTE(TRIM(INDEX($A:$AP,ROW(),$F$6)),",",""),"원",""),0)))) | AU36: =IF($AS36="","",IF($AX36<>"",SUBSTITUTE(SUBSTITUTE($AX36,"-","")," ",""),"N:"&$AV36)) | AV36: =IF(OR($AS36="",$E$6=""),"",TRIM(INDEX($A:$AP,ROW(),$E$6)&"")) | AW36: =IF($AU36="","",IF(MATCH($AU36,$AU$8:$AU$2007,0)=ROW()-7,MAX($AW$7:$AW35)+1,"")) | AX36: =IF(OR($AS36="",$D$6=""),"",TRIM(INDEX($A:$AP,ROW(),$D$6)&"")) | AY36: =IF($AU36="","",INDEX($AW$8:$AW$2007,MATCH($AU36,$AU$8:$AU$2007,0))) | AZ36: =IF(OR($AS36="",$C$6=""),"",TRIM(INDEX($A:$AP,ROW(),$C$6)&"")) | BA36: =IF($AZ36="","",IF(COUNTIF($AZ$8:$AZ36,$AZ36)>1,1,0))
AR37: =IF(OR($A$5="",$B$6="",ROW()<$A$5),"",IF(INDEX($A:$AP,ROW(),$B$6)="","",INDEX($A:$AP,ROW(),$B$6))) | AS37: =IF($AR37="","",IF(ISNUMBER($AR37),IF($AR37>=10000000,IFERROR(DATE(INT($AR37/10000),MOD(INT($AR37/100),100),MOD($AR37,100)),""),INT($AR37)),IFERROR(DATE(--LEFT(LEFT(SUBSTITUTE(SUBSTITUTE(SUBSTITUTE(SUBSTITUTE(TRIM($AR37),"-",""),".",""),"/","")," ",""),8),4),--MID(LEFT(SUBSTITUTE(SUBSTITUTE(SUBSTITUTE(SUBSTITUTE(TRIM($AR37),"-",""),".",""),"/","")," ",""),8),5,2),--MID(LEFT(SUBSTITUTE(SUBSTITUTE(SUBSTITUTE(SUBSTITUTE(TRIM($AR37),"-",""),".",""),"/","")," ",""),8),7,2)),""))) | AT37: =IF($AS37="","",IF($F$6="",0,IF(ISNUMBER(INDEX($A:$AP,ROW(),$F$6)),INDEX($A:$AP,ROW(),$F$6),IFERROR(--SUBSTITUTE(SUBSTITUTE(TRIM(INDEX($A:$AP,ROW(),$F$6)),",",""),"원",""),0)))) | AU37: =IF($AS37="","",IF($AX37<>"",SUBSTITUTE(SUBSTITUTE($AX37,"-","")," ",""),"N:"&$AV37)) | AV37: =IF(OR($AS37="",$E$6=""),"",TRIM(INDEX($A:$AP,ROW(),$E$6)&"")) | AW37: =IF($AU37="","",IF(MATCH($AU37,$AU$8:$AU$2007,0)=ROW()-7,MAX($AW$7:$AW36)+1,"")) | AX37: =IF(OR($AS37="",$D$6=""),"",TRIM(INDEX($A:$AP,ROW(),$D$6)&"")) | AY37: =IF($AU37="","",INDEX($AW$8:$AW$2007,MATCH($AU37,$AU$8:$AU$2007,0))) | AZ37: =IF(OR($AS37="",$C$6=""),"",TRIM(INDEX($A:$AP,ROW(),$C$6)&"")) | BA37: =IF($AZ37="","",IF(COUNTIF($AZ$8:$AZ37,$AZ37)>1,1,0))
AR38: =IF(OR($A$5="",$B$6="",ROW()<$A$5),"",IF(INDEX($A:$AP,ROW(),$B$6)="","",INDEX($A:$AP,ROW(),$B$6))) | AS38: =IF($AR38="","",IF(ISNUMBER($AR38),IF($AR38>=10000000,IFERROR(DATE(INT($AR38/10000),MOD(INT($AR38/100),100),MOD($AR38,100)),""),INT($AR38)),IFERROR(DATE(--LEFT(LEFT(SUBSTITUTE(SUBSTITUTE(SUBSTITUTE(SUBSTITUTE(TRIM($AR38),"-",""),".",""),"/","")," ",""),8),4),--MID(LEFT(SUBSTITUTE(SUBSTITUTE(SUBSTITUTE(SUBSTITUTE(TRIM($AR38),"-",""),".",""),"/","")," ",""),8),5,2),--MID(LEFT(SUBSTITUTE(SUBSTITUTE(SUBSTITUTE(SUBSTITUTE(TRIM($AR38),"-",""),".",""),"/","")," ",""),8),7,2)),""))) | AT38: =IF($AS38="","",IF($F$6="",0,IF(ISNUMBER(INDEX($A:$AP,ROW(),$F$6)),INDEX($A:$AP,ROW(),$F$6),IFERROR(--SUBSTITUTE(SUBSTITUTE(TRIM(INDEX($A:$AP,ROW(),$F$6)),",",""),"원",""),0)))) | AU38: =IF($AS38="","",IF($AX38<>"",SUBSTITUTE(SUBSTITUTE($AX38,"-","")," ",""),"N:"&$AV38)) | AV38: =IF(OR($AS38="",$E$6=""),"",TRIM(INDEX($A:$AP,ROW(),$E$6)&"")) | AW38: =IF($AU38="","",IF(MATCH($AU38,$AU$8:$AU$2007,0)=ROW()-7,MAX($AW$7:$AW37)+1,"")) | AX38: =IF(OR($AS38="",$D$6=""),"",TRIM(INDEX($A:$AP,ROW(),$D$6)&"")) | AY38: =IF($AU38="","",INDEX($AW$8:$AW$2007,MATCH($AU38,$AU$8:$AU$2007,0))) | AZ38: =IF(OR($AS38="",$C$6=""),"",TRIM(INDEX($A:$AP,ROW(),$C$6)&"")) | BA38: =IF($AZ38="","",IF(COUNTIF($AZ$8:$AZ38,$AZ38)>1,1,0))
AR39: =IF(OR($A$5="",$B$6="",ROW()<$A$5),"",IF(INDEX($A:$AP,ROW(),$B$6)="","",INDEX($A:$AP,ROW(),$B$6))) | AS39: =IF($AR39="","",IF(ISNUMBER($AR39),IF($AR39>=10000000,IFERROR(DATE(INT($AR39/10000),MOD(INT($AR39/100),100),MOD($AR39,100)),""),INT($AR39)),IFERROR(DATE(--LEFT(LEFT(SUBSTITUTE(SUBSTITUTE(SUBSTITUTE(SUBSTITUTE(TRIM($AR39),"-",""),".",""),"/","")," ",""),8),4),--MID(LEFT(SUBSTITUTE(SUBSTITUTE(SUBSTITUTE(SUBSTITUTE(TRIM($AR39),"-",""),".",""),"/","")," ",""),8),5,2),--MID(LEFT(SUBSTITUTE(SUBSTITUTE(SUBSTITUTE(SUBSTITUTE(TRIM($AR39),"-",""),".",""),"/","")," ",""),8),7,2)),""))) | AT39: =IF($AS39="","",IF($F$6="",0,IF(ISNUMBER(INDEX($A:$AP,ROW(),$F$6)),INDEX($A:$AP,ROW(),$F$6),IFERROR(--SUBSTITUTE(SUBSTITUTE(TRIM(INDEX($A:$AP,ROW(),$F$6)),",",""),"원",""),0)))) | AU39: =IF($AS39="","",IF($AX39<>"",SUBSTITUTE(SUBSTITUTE($AX39,"-","")," ",""),"N:"&$AV39)) | AV39: =IF(OR($AS39="",$E$6=""),"",TRIM(INDEX($A:$AP,ROW(),$E$6)&"")) | AW39: =IF($AU39="","",IF(MATCH($AU39,$AU$8:$AU$2007,0)=ROW()-7,MAX($AW$7:$AW38)+1,"")) | AX39: =IF(OR($AS39="",$D$6=""),"",TRIM(INDEX($A:$AP,ROW(),$D$6)&"")) | AY39: =IF($AU39="","",INDEX($AW$8:$AW$2007,MATCH($AU39,$AU$8:$AU$2007,0))) | AZ39: =IF(OR($AS39="",$C$6=""),"",TRIM(INDEX($A:$AP,ROW(),$C$6)&"")) | BA39: =IF($AZ39="","",IF(COUNTIF($AZ$8:$AZ39,$AZ39)>1,1,0))
AR40: =IF(OR($A$5="",$B$6="",ROW()<$A$5),"",IF(INDEX($A:$AP,ROW(),$B$6)="","",INDEX($A:$AP,ROW(),$B$6))) | AS40: =IF($AR40="","",IF(ISNUMBER($AR40),IF($AR40>=10000000,IFERROR(DATE(INT($AR40/10000),MOD(INT($AR40/100),100),MOD($AR40,100)),""),INT($AR40)),IFERROR(DATE(--LEFT(LEFT(SUBSTITUTE(SUBSTITUTE(SUBSTITUTE(SUBSTITUTE(TRIM($AR40),"-",""),".",""),"/","")," ",""),8),4),--MID(LEFT(SUBSTITUTE(SUBSTITUTE(SUBSTITUTE(SUBSTITUTE(TRIM($AR40),"-",""),".",""),"/","")," ",""),8),5,2),--MID(LEFT(SUBSTITUTE(SUBSTITUTE(SUBSTITUTE(SUBSTITUTE(TRIM($AR40),"-",""),".",""),"/","")," ",""),8),7,2)),""))) | AT40: =IF($AS40="","",IF($F$6="",0,IF(ISNUMBER(INDEX($A:$AP,ROW(),$F$6)),INDEX($A:$AP,ROW(),$F$6),IFERROR(--SUBSTITUTE(SUBSTITUTE(TRIM(INDEX($A:$AP,ROW(),$F$6)),",",""),"원",""),0)))) | AU40: =IF($AS40="","",IF($AX40<>"",SUBSTITUTE(SUBSTITUTE($AX40,"-","")," ",""),"N:"&$AV40)) | AV40: =IF(OR($AS40="",$E$6=""),"",TRIM(INDEX($A:$AP,ROW(),$E$6)&"")) | AW40: =IF($AU40="","",IF(MATCH($AU40,$AU$8:$AU$2007,0)=ROW()-7,MAX($AW$7:$AW39)+1,"")) | AX40: =IF(OR($AS40="",$D$6=""),"",TRIM(INDEX($A:$AP,ROW(),$D$6)&"")) | AY40: =IF($AU40="","",INDEX($AW$8:$AW$2007,MATCH($AU40,$AU$8:$AU$2007,0))) | AZ40: =IF(OR($AS40="",$C$6=""),"",TRIM(INDEX($A:$AP,ROW(),$C$6)&"")) | BA40: =IF($AZ40="","",IF(COUNTIF($AZ$8:$AZ40,$AZ40)>1,1,0))
AR41: =IF(OR($A$5="",$B$6="",ROW()<$A$5),"",IF(INDEX($A:$AP,ROW(),$B$6)="","",INDEX($A:$AP,ROW(),$B$6))) | AS41: =IF($AR41="","",IF(ISNUMBER($AR41),IF($AR41>=10000000,IFERROR(DATE(INT($AR41/10000),MOD(INT($AR41/100),100),MOD($AR41,100)),""),INT($AR41)),IFERROR(DATE(--LEFT(LEFT(SUBSTITUTE(SUBSTITUTE(SUBSTITUTE(SUBSTITUTE(TRIM($AR41),"-",""),".",""),"/","")," ",""),8),4),--MID(LEFT(SUBSTITUTE(SUBSTITUTE(SUBSTITUTE(SUBSTITUTE(TRIM($AR41),"-",""),".",""),"/","")," ",""),8),5,2),--MID(LEFT(SUBSTITUTE(SUBSTITUTE(SUBSTITUTE(SUBSTITUTE(TRIM($AR41),"-",""),".",""),"/","")," ",""),8),7,2)),""))) | AT41: =IF($AS41="","",IF($F$6="",0,IF(ISNUMBER(INDEX($A:$AP,ROW(),$F$6)),INDEX($A:$AP,ROW(),$F$6),IFERROR(--SUBSTITUTE(SUBSTITUTE(TRIM(INDEX($A:$AP,ROW(),$F$6)),",",""),"원",""),0)))) | AU41: =IF($AS41="","",IF($AX41<>"",SUBSTITUTE(SUBSTITUTE($AX41,"-","")," ",""),"N:"&$AV41)) | AV41: =IF(OR($AS41="",$E$6=""),"",TRIM(INDEX($A:$AP,ROW(),$E$6)&"")) | AW41: =IF($AU41="","",IF(MATCH($AU41,$AU$8:$AU$2007,0)=ROW()-7,MAX($AW$7:$AW40)+1,"")) | AX41: =IF(OR($AS41="",$D$6=""),"",TRIM(INDEX($A:$AP,ROW(),$D$6)&"")) | AY41: =IF($AU41="","",INDEX($AW$8:$AW$2007,MATCH($AU41,$AU$8:$AU$2007,0))) | AZ41: =IF(OR($AS41="",$C$6=""),"",TRIM(INDEX($A:$AP,ROW(),$C$6)&"")) | BA41: =IF($AZ41="","",IF(COUNTIF($AZ$8:$AZ41,$AZ41)>1,1,0))
AR42: =IF(OR($A$5="",$B$6="",ROW()<$A$5),"",IF(INDEX($A:$AP,ROW(),$B$6)="","",INDEX($A:$AP,ROW(),$B$6))) | AS42: =IF($AR42="","",IF(ISNUMBER($AR42),IF($AR42>=10000000,IFERROR(DATE(INT($AR42/10000),MOD(INT($AR42/100),100),MOD($AR42,100)),""),INT($AR42)),IFERROR(DATE(--LEFT(LEFT(SUBSTITUTE(SUBSTITUTE(SUBSTITUTE(SUBSTITUTE(TRIM($AR42),"-",""),".",""),"/","")," ",""),8),4),--MID(LEFT(SUBSTITUTE(SUBSTITUTE(SUBSTITUTE(SUBSTITUTE(TRIM($AR42),"-",""),".",""),"/","")," ",""),8),5,2),--MID(LEFT(SUBSTITUTE(SUBSTITUTE(SUBSTITUTE(SUBSTITUTE(TRIM($AR42),"-",""),".",""),"/","")," ",""),8),7,2)),""))) | AT42: =IF($AS42="","",IF($F$6="",0,IF(ISNUMBER(INDEX($A:$AP,ROW(),$F$6)),INDEX($A:$AP,ROW(),$F$6),IFERROR(--SUBSTITUTE(SUBSTITUTE(TRIM(INDEX($A:$AP,ROW(),$F$6)),",",""),"원",""),0)))) | AU42: =IF($AS42="","",IF($AX42<>"",SUBSTITUTE(SUBSTITUTE($AX42,"-","")," ",""),"N:"&$AV42)) | AV42: =IF(OR($AS42="",$E$6=""),"",TRIM(INDEX($A:$AP,ROW(),$E$6)&"")) | AW42: =IF($AU42="","",IF(MATCH($AU42,$AU$8:$AU$2007,0)=ROW()-7,MAX($AW$7:$AW41)+1,"")) | AX42: =IF(OR($AS42="",$D$6=""),"",TRIM(INDEX($A:$AP,ROW(),$D$6)&"")) | AY42: =IF($AU42="","",INDEX($AW$8:$AW$2007,MATCH($AU42,$AU$8:$AU$2007,0))) | AZ42: =IF(OR($AS42="",$C$6=""),"",TRIM(INDEX($A:$AP,ROW(),$C$6)&"")) | BA42: =IF($AZ42="","",IF(COUNTIF($AZ$8:$AZ42,$AZ42)>1,1,0))
AR43: =IF(OR($A$5="",$B$6="",ROW()<$A$5),"",IF(INDEX($A:$AP,ROW(),$B$6)="","",INDEX($A:$AP,ROW(),$B$6))) | AS43: =IF($AR43="","",IF(ISNUMBER($AR43),IF($AR43>=10000000,IFERROR(DATE(INT($AR43/10000),MOD(INT($AR43/100),100),MOD($AR43,100)),""),INT($AR43)),IFERROR(DATE(--LEFT(LEFT(SUBSTITUTE(SUBSTITUTE(SUBSTITUTE(SUBSTITUTE(TRIM($AR43),"-",""),".",""),"/","")," ",""),8),4),--MID(LEFT(SUBSTITUTE(SUBSTITUTE(SUBSTITUTE(SUBSTITUTE(TRIM($AR43),"-",""),".",""),"/","")," ",""),8),5,2),--MID(LEFT(SUBSTITUTE(SUBSTITUTE(SUBSTITUTE(SUBSTITUTE(TRIM($AR43),"-",""),".",""),"/","")," ",""),8),7,2)),""))) | AT43: =IF($AS43="","",IF($F$6="",0,IF(ISNUMBER(INDEX($A:$AP,ROW(),$F$6)),INDEX($A:$AP,ROW(),$F$6),IFERROR(--SUBSTITUTE(SUBSTITUTE(TRIM(INDEX($A:$AP,ROW(),$F$6)),",",""),"원",""),0)))) | AU43: =IF($AS43="","",IF($AX43<>"",SUBSTITUTE(SUBSTITUTE($AX43,"-","")," ",""),"N:"&$AV43)) | AV43: =IF(OR($AS43="",$E$6=""),"",TRIM(INDEX($A:$AP,ROW(),$E$6)&"")) | AW43: =IF($AU43="","",IF(MATCH($AU43,$AU$8:$AU$2007,0)=ROW()-7,MAX($AW$7:$AW42)+1,"")) | AX43: =IF(OR($AS43="",$D$6=""),"",TRIM(INDEX($A:$AP,ROW(),$D$6)&"")) | AY43: =IF($AU43="","",INDEX($AW$8:$AW$2007,MATCH($AU43,$AU$8:$AU$2007,0))) | AZ43: =IF(OR($AS43="",$C$6=""),"",TRIM(INDEX($A:$AP,ROW(),$C$6)&"")) | BA43: =IF($AZ43="","",IF(COUNTIF($AZ$8:$AZ43,$AZ43)>1,1,0))
AR44: =IF(OR($A$5="",$B$6="",ROW()<$A$5),"",IF(INDEX($A:$AP,ROW(),$B$6)="","",INDEX($A:$AP,ROW(),$B$6))) | AS44: =IF($AR44="","",IF(ISNUMBER($AR44),IF($AR44>=10000000,IFERROR(DATE(INT($AR44/10000),MOD(INT($AR44/100),100),MOD($AR44,100)),""),INT($AR44)),IFERROR(DATE(--LEFT(LEFT(SUBSTITUTE(SUBSTITUTE(SUBSTITUTE(SUBSTITUTE(TRIM($AR44),"-",""),".",""),"/","")," ",""),8),4),--MID(LEFT(SUBSTITUTE(SUBSTITUTE(SUBSTITUTE(SUBSTITUTE(TRIM($AR44),"-",""),".",""),"/","")," ",""),8),5,2),--MID(LEFT(SUBSTITUTE(SUBSTITUTE(SUBSTITUTE(SUBSTITUTE(TRIM($AR44),"-",""),".",""),"/","")," ",""),8),7,2)),""))) | AT44: =IF($AS44="","",IF($F$6="",0,IF(ISNUMBER(INDEX($A:$AP,ROW(),$F$6)),INDEX($A:$AP,ROW(),$F$6),IFERROR(--SUBSTITUTE(SUBSTITUTE(TRIM(INDEX($A:$AP,ROW(),$F$6)),",",""),"원",""),0)))) | AU44: =IF($AS44="","",IF($AX44<>"",SUBSTITUTE(SUBSTITUTE($AX44,"-","")," ",""),"N:"&$AV44)) | AV44: =IF(OR($AS44="",$E$6=""),"",TRIM(INDEX($A:$AP,ROW(),$E$6)&"")) | AW44: =IF($AU44="","",IF(MATCH($AU44,$AU$8:$AU$2007,0)=ROW()-7,MAX($AW$7:$AW43)+1,"")) | AX44: =IF(OR($AS44="",$D$6=""),"",TRIM(INDEX($A:$AP,ROW(),$D$6)&"")) | AY44: =IF($AU44="","",INDEX($AW$8:$AW$2007,MATCH($AU44,$AU$8:$AU$2007,0))) | AZ44: =IF(OR($AS44="",$C$6=""),"",TRIM(INDEX($A:$AP,ROW(),$C$6)&"")) | BA44: =IF($AZ44="","",IF(COUNTIF($AZ$8:$AZ44,$AZ44)>1,1,0))
AR45: =IF(OR($A$5="",$B$6="",ROW()<$A$5),"",IF(INDEX($A:$AP,ROW(),$B$6)="","",INDEX($A:$AP,ROW(),$B$6))) | AS45: =IF($AR45="","",IF(ISNUMBER($AR45),IF($AR45>=10000000,IFERROR(DATE(INT($AR45/10000),MOD(INT($AR45/100),100),MOD($AR45,100)),""),INT($AR45)),IFERROR(DATE(--LEFT(LEFT(SUBSTITUTE(SUBSTITUTE(SUBSTITUTE(SUBSTITUTE(TRIM($AR45),"-",""),".",""),"/","")," ",""),8),4),--MID(LEFT(SUBSTITUTE(SUBSTITUTE(SUBSTITUTE(SUBSTITUTE(TRIM($AR45),"-",""),".",""),"/","")," ",""),8),5,2),--MID(LEFT(SUBSTITUTE(SUBSTITUTE(SUBSTITUTE(SUBSTITUTE(TRIM($AR45),"-",""),".",""),"/","")," ",""),8),7,2)),""))) | AT45: =IF($AS45="","",IF($F$6="",0,IF(ISNUMBER(INDEX($A:$AP,ROW(),$F$6)),INDEX($A:$AP,ROW(),$F$6),IFERROR(--SUBSTITUTE(SUBSTITUTE(TRIM(INDEX($A:$AP,ROW(),$F$6)),",",""),"원",""),0)))) | AU45: =IF($AS45="","",IF($AX45<>"",SUBSTITUTE(SUBSTITUTE($AX45,"-","")," ",""),"N:"&$AV45)) | AV45: =IF(OR($AS45="",$E$6=""),"",TRIM(INDEX($A:$AP,ROW(),$E$6)&"")) | AW45: =IF($AU45="","",IF(MATCH($AU45,$AU$8:$AU$2007,0)=ROW()-7,MAX($AW$7:$AW44)+1,"")) | AX45: =IF(OR($AS45="",$D$6=""),"",TRIM(INDEX($A:$AP,ROW(),$D$6)&"")) | AY45: =IF($AU45="","",INDEX($AW$8:$AW$2007,MATCH($AU45,$AU$8:$AU$2007,0))) | AZ45: =IF(OR($AS45="",$C$6=""),"",TRIM(INDEX($A:$AP,ROW(),$C$6)&"")) | BA45: =IF($AZ45="","",IF(COUNTIF($AZ$8:$AZ45,$AZ45)>1,1,0))
... AR2007: =IF(OR($A$5="",$B$6="",ROW()<$A$5),"",IF(INDEX($A:$AP,ROW(),$B$6)="","",INDEX($A:$AP,ROW(),$B$6))) | AS2007: =IF($AR2007="","",IF(ISNUMBER($AR2007),IF($AR2007>=10000000,IFERROR(DATE(INT($AR2007/10000),MOD(INT($AR2007/100),100),MOD($AR2007,100)),""),INT($AR2007)),IFERROR(DATE(--LEFT(LEFT(SUBSTITUTE(SUBSTITUTE(SUBSTITUTE(SUBSTITUTE(TRIM($AR2007),"-",""),".",""),"/","")," ",""),8),4),--MID(LEFT(SUBSTITUTE(SUBSTITUTE(SUBSTITUTE(SUBSTITUTE(TRIM($AR2007),"-",""),".",""),"/","")," ",""),8),5,2),--MID(LEFT(SUBSTITUTE(SUBSTITUTE(SUBSTITUTE(SUBSTITUTE(TRIM($AR2007),"-",""),".",""),"/","")," ",""),8),7,2)),""))) | AT2007: =IF($AS2007="","",IF($F$6="",0,IF(ISNUMBER(INDEX($A:$AP,ROW(),$F$6)),INDEX($A:$AP,ROW(),$F$6),IFERROR(--SUBSTITUTE(SUBSTITUTE(TRIM(INDEX($A:$AP,ROW(),$F$6)),",",""),"원",""),0)))) | AU2007: =IF($AS2007="","",IF($AX2007<>"",SUBSTITUTE(SUBSTITUTE($AX2007,"-","")," ",""),"N:"&$AV2007)) | AV2007: =IF(OR($AS2007="",$E$6=""),"",TRIM(INDEX($A:$AP,ROW(),$E$6)&"")) | AW2007: =IF($AU2007="","",IF(MATCH($AU2007,$AU$8:$AU$2007,0)=ROW()-7,MAX($AW$7:$AW2006)+1,"")) | AX2007: =IF(OR($AS2007="",$D$6=""),"",TRIM(INDEX($A:$AP,ROW(),$D$6)&"")) | AY2007: =IF($AU2007="","",INDEX($AW$8:$AW$2007,MATCH($AU2007,$AU$8:$AU$2007,0))) | AZ2007: =IF(OR($AS2007="",$C$6=""),"",TRIM(INDEX($A:$AP,ROW(),$C$6)&"")) | BA2007: =IF($AZ2007="","",IF(COUNTIF($AZ$8:$AZ2007,$AZ2007)>1,1,0))

Sheet 입금_은행1
A1: 입금_은행1 — 은행 입금내역 붙여넣기 (1번째 계좌)
A2: ✍ 직접 입력: 은행(인터넷뱅킹)에서 내려받은 거래내역 엑셀을 A8 셀부터 통째로 붙여넣고, 5행 노란 칸에 데이터 시작 행과 날짜·입금·보낸 분(내용) 열을 확인하세요. 입금·출금이 섞여 있어도 됩니다.
A3: ⚙ 자동 계산: W~AE열 회색 수식 — 수정 금지. 오른쪽 '인식 결과'가 ✔로 뜨면 성공. 처음 쓸 때: 8행 아래 예시를 전체 선택 → Delete 로 먼저 지우세요. 은행이 한 곳뿐이면 쓰지 않는 쪽은 비워 두세요.
A4: 은행·계좌 이름 | B4: 데이터 시작 행 | C4: 날짜 열 | D4: 입금 열 | E4: 보낸 분·내용 열 1 | F4: 내용 열 2 (선택) | H4: 인식 결과 (자동)
A5: 두리은행 결제계좌 (예시) | B5: 9 | C5: B | D5: E | E5: C | F5: G | H5: =IF(COUNT($Y$8:$Y$2007)=0,"비어 있음 (또는 아직 인식된 거래가 없습니다 — 붙여넣기와 열 설정을 확인하세요)","✔ 거래 "&COUNT($Y$8:$Y$2007)&"건 · 입금 "&COUNTIF($Z$8:$Z$2007,">0")&"건 "&TEXT(SUMIF($Z$8:$Z$2007,">0"),"#,##0")&"원 · 거래처로 매칭 "&COUNTIF($AC$8:$AC$2007,">0")&"건 / 미매칭 "&COUNT($AD$8:$AD$2007)&"건")
A6: ▼ 8행(A8 셀)부터 붙여넣기 | C6: =IF($C$5="","",IF(LEN(TRIM($C$5))=1,CODE(UPPER(TRIM($C$5)))-64,(CODE(UPPER(LEFT(TRIM($C$5),1)))-64)*26+CODE(UPPER(RIGHT(TRIM($C$5),1)))-64)) | D6: =IF($D$5="","",IF(LEN(TRIM($D$5))=1,CODE(UPPER(TRIM($D$5)))-64,(CODE(UPPER(LEFT(TRIM($D$5),1)))-64)*26+CODE(UPPER(RIGHT(TRIM($D$5),1)))-64)) | E6: =IF($E$5="","",IF(LEN(TRIM($E$5))=1,CODE(UPPER(TRIM($E$5)))-64,(CODE(UPPER(LEFT(TRIM($E$5),1)))-64)*26+CODE(UPPER(RIGHT(TRIM($E$5),1)))-64)) | F6: =IF($F$5="","",IF(LEN(TRIM($F$5))=1,CODE(UPPER(TRIM($F$5)))-64,(CODE(UPPER(LEFT(TRIM($F$5),1)))-64)*26+CODE(UPPER(RIGHT(TRIM($F$5),1)))-64)) | H6: =IF(COUNTIF($A$8:$U$2007,"*가상예시*")>0,"⚠ 예시 데이터 "&COUNTIF($A$8:$U$2007,"*가상예시*")&"줄이 남아 있습니다 — 지우고 쓰세요 (8행 아래 전체 선택 → Delete)","")
W7: 원본날짜(자동) | X7: 거래일(자동) | Y7: 날짜(자동) | Z7: 입금액(자동) | AA7: 내용 원문(자동) | AB7: 내용 정리(자동) | AC7: 거래처번호(자동) | AD7: 미매칭순번(자동) | AE7: 날짜수치(자동)
A8: 번호 | B8: 거래일자 | C8: 기재내용 | D8: 찾으신금액 | E8: 맡기신금액 | F8: 거래후잔액 | G8: 메모 | W8: =IF(OR($B$5="",$C$6="",ROW()<$B$5),"",IF(INDEX($A:$U,ROW(),$C$6)="","",INDEX($A:$U,ROW(),$C$6))) | X8: =IF($W8="","",IF(ISNUMBER($W8),IF($W8>=10000000,IFERROR(DATE(INT($W8/10000),MOD(INT($W8/100),100),MOD($W8,100)),""),INT($W8)),IFERROR(DATE(--LEFT(LEFT(SUBSTITUTE(SUBSTITUTE(SUBSTITUTE(SUBSTITUTE(TRIM($W8),"-",""),".",""),"/","")," ",""),8),4),--MID(LEFT(SUBSTITUTE(SUBSTITUTE(SUBSTITUTE(SUBSTITUTE(TRIM($W8),"-",""),".",""),"/","")," ",""),8),5,2),--MID(LEFT(SUBSTITUTE(SUBSTITUTE(SUBSTITUTE(SUBSTITUTE(TRIM($W8),"-",""),".",""),"/","")," ",""),8),7,2)),""))) | Y8: =IF($X8="","",INT($X8)) | Z8: =IF(OR($Y8="",$D$6=""),"",IF(INDEX($A:$U,ROW(),$D$6)="",0,IF(ISNUMBER(INDEX($A:$U,ROW(),$D$6)),INDEX($A:$U,ROW(),$D$6),IFERROR(--SUBSTITUTE(SUBSTITUTE(TRIM(INDEX($A:$U,ROW(),$D$6)),",",""),"원",""),0)))) | AA8: =IF($Y8="","",TRIM(INDEX($A:$U,ROW(),$E$6)&IF($F$6="",""," "&INDEX($A:$U,ROW(),$F$6)))) | AB8: =IF($AA8="","",SUBSTITUTE(SUBSTITUTE(SUBSTITUTE(SUBSTITUTE(SUBSTITUTE(SUBSTITUTE(SUBSTITUTE(SUBSTITUTE(SUBSTITUTE($AA8," ","")," ",""),"(주)",""),"（주）",""),"㈜",""),"주식회사",""),"(유)",""),"（유）",""),"유한회사","")) | AC8: =IF(OR($Y8="",N($Z8)<=0,$AB8=""),0,IFERROR(LOOKUP(2,1/((거래처별!$AC$8:$AC$307<>"")*ISNUMBER(SEARCH(거래처별!$AC$8:$AC$307,$AB8))),거래처별!$A$8:$A$307),IFERROR(LOOKUP(2,1/((거래처별!$AD$8:$AD$307<>"")*ISNUMBER(SEARCH(거래처별!$AD$8:$AD$307,$AB8))),거래처별!$A$8:$A$307),IFERROR(LOOKUP(2,1/((거래처별!$AE$8:$AE$307<>"")*ISNUMBER(SEARCH(거래처별!$AE$8:$AE$307,$AB8))),거래처별!$A$8:$A$307),0)))) | AD8: =IF(AND($Y8<>"",N($Z8)>0,$AC8=0),MAX($AD$7:$AD7)+1,"") | AE8: =IF($Y8="",0,$Y8)
A9: 1 | B9: 2026-07-02 00:00:00 | C9: 소나무상사 | E9: 400,000 | F9: 2,400,000 | G9: 가상예시 | W9: =IF(OR($B$5="",$C$6="",ROW()<$B$5),"",IF(INDEX($A:$U,ROW(),$C$6)="","",INDEX($A:$U,ROW(),$C$6))) | X9: =IF($W9="","",IF(ISNUMBER($W9),IF($W9>=10000000,IFERROR(DATE(INT($W9/10000),MOD(INT($W9/100),100),MOD($W9,100)),""),INT($W9)),IFERROR(DATE(--LEFT(LEFT(SUBSTITUTE(SUBSTITUTE(SUBSTITUTE(SUBSTITUTE(TRIM($W9),"-",""),".",""),"/","")," ",""),8),4),--MID(LEFT(SUBSTITUTE(SUBSTITUTE(SUBSTITUTE(SUBSTITUTE(TRIM($W9),"-",""),".",""),"/","")," ",""),8),5,2),--MID(LEFT(SUBSTITUTE(SUBSTITUTE(SUBSTITUTE(SUBSTITUTE(TRIM($W9),"-",""),".",""),"/","")," ",""),8),7,2)),""))) | Y9: =IF($X9="","",INT($X9)) | Z9: =IF(OR($Y9="",$D$6=""),"",IF(INDEX($A:$U,ROW(),$D$6)="",0,IF(ISNUMBER(INDEX($A:$U,ROW(),$D$6)),INDEX($A:$U,ROW(),$D$6),IFERROR(--SUBSTITUTE(SUBSTITUTE(TRIM(INDEX($A:$U,ROW(),$D$6)),",",""),"원",""),0)))) | AA9: =IF($Y9="","",TRIM(INDEX($A:$U,ROW(),$E$6)&IF($F$6="",""," "&INDEX($A:$U,ROW(),$F$6)))) | AB9: =IF($AA9="","",SUBSTITUTE(SUBSTITUTE(SUBSTITUTE(SUBSTITUTE(SUBSTITUTE(SUBSTITUTE(SUBSTITUTE(SUBSTITUTE(SUBSTITUTE($AA9," ","")," ",""),"(주)",""),"（주）",""),"㈜",""),"주식회사",""),"(유)",""),"（유）",""),"유한회사","")) | AC9: =IF(OR($Y9="",N($Z9)<=0,$AB9=""),0,IFERROR(LOOKUP(2,1/((거래처별!$AC$8:$AC$307<>"")*ISNUMBER(SEARCH(거래처별!$AC$8:$AC$307,$AB9))),거래처별!$A$8:$A$307),IFERROR(LOOKUP(2,1/((거래처별!$AD$8:$AD$307<>"")*ISNUMBER(SEARCH(거래처별!$AD$8:$AD$307,$AB9))),거래처별!$A$8:$A$307),IFERROR(LOOKUP(2,1/((거래처별!$AE$8:$AE$307<>"")*ISNUMBER(SEARCH(거래처별!$AE$8:$AE$307,$AB9))),거래처별!$A$8:$A$307),0)))) | AD9: =IF(AND($Y9<>"",N($Z9)>0,$AC9=0),MAX($AD$7:$AD8)+1,"") | AE9: =IF($Y9="",0,$Y9)
A10: 2 | B10: 2026-07-10 00:00:00 | C10: (주)하늘정밀 | E10: 4,620,000 | F10: 9,000,000 | G10: 가상예시 | W10: =IF(OR($B$5="",$C$6="",ROW()<$B$5),"",IF(INDEX($A:$U,ROW(),$C$6)="","",INDEX($A:$U,ROW(),$C$6))) | X10: =IF($W10="","",IF(ISNUMBER($W10),IF($W10>=10000000,IFERROR(DATE(INT($W10/10000),MOD(INT($W10/100),100),MOD($W10,100)),""),INT($W10)),IFERROR(DATE(--LEFT(LEFT(SUBSTITUTE(SUBSTITUTE(SUBSTITUTE(SUBSTITUTE(TRIM($W10),"-",""),".",""),"/","")," ",""),8),4),--MID(LEFT(SUBSTITUTE(SUBSTITUTE(SUBSTITUTE(SUBSTITUTE(TRIM($W10),"-",""),".",""),"/","")," ",""),8),5,2),--MID(LEFT(SUBSTITUTE(SUBSTITUTE(SUBSTITUTE(SUBSTITUTE(TRIM($W10),"-",""),".",""),"/","")," ",""),8),7,2)),""))) | Y10: =IF($X10="","",INT($X10)) | Z10: =IF(OR($Y10="",$D$6=""),"",IF(INDEX($A:$U,ROW(),$D$6)="",0,IF(ISNUMBER(INDEX($A:$U,ROW(),$D$6)),INDEX($A:$U,ROW(),$D$6),IFERROR(--SUBSTITUTE(SUBSTITUTE(TRIM(INDEX($A:$U,ROW(),$D$6)),",",""),"원",""),0)))) | AA10: =IF($Y10="","",TRIM(INDEX($A:$U,ROW(),$E$6)&IF($F$6="",""," "&INDEX($A:$U,ROW(),$F$6)))) | AB10: =IF($AA10="","",SUBSTITUTE(SUBSTITUTE(SUBSTITUTE(SUBSTITUTE(SUBSTITUTE(SUBSTITUTE(SUBSTITUTE(SUBSTITUTE(SUBSTITUTE($AA10," ","")," ",""),"(주)",""),"（주）",""),"㈜",""),"주식회사",""),"(유)",""),"（유）",""),"유한회사","")) | AC10: =IF(OR($Y10="",N($Z10)<=0,$AB10=""),0,IFERROR(LOOKUP(2,1/((거래처별!$AC$8:$AC$307<>"")*ISNUMBER(SEARCH(거래처별!$AC$8:$AC$307,$AB10))),거래처별!$A$8:$A$307),IFERROR(LOOKUP(2,1/((거래처별!$AD$8:$AD$307<>"")*ISNUMBER(SEARCH(거래처별!$AD$8:$AD$307,$AB10))),거래처별!$A$8:$A$307),IFERROR(LOOKUP(2,1/((거래처별!$AE$8:$AE$307<>"")*ISNUMBER(SEARCH(거래처별!$AE$8:$AE$307,$AB10))),거래처별!$A$8:$A$307),0)))) | AD10: =IF(AND($Y10<>"",N($Z10)>0,$AC10=0),MAX($AD$7:$AD9)+1,"") | AE10: =IF($Y10="",0,$Y10)
A11: 3 | B11: 2026-07-25 00:00:00 | C11: 새봄유통 | E11: 6,600,000 | F11: 15,600,000 | G11: 가상예시 | W11: =IF(OR($B$5="",$C$6="",ROW()<$B$5),"",IF(INDEX($A:$U,ROW(),$C$6)="","",INDEX($A:$U,ROW(),$C$6))) | X11: =IF($W11="","",IF(ISNUMBER($W11),IF($W11>=10000000,IFERROR(DATE(INT($W11/10000),MOD(INT($W11/100),100),MOD($W11,100)),""),INT($W11)),IFERROR(DATE(--LEFT(LEFT(SUBSTITUTE(SUBSTITUTE(SUBSTITUTE(SUBSTITUTE(TRIM($W11),"-",""),".",""),"/","")," ",""),8),4),--MID(LEFT(SUBSTITUTE(SUBSTITUTE(SUBSTITUTE(SUBSTITUTE(TRIM($W11),"-",""),".",""),"/","")," ",""),8),5,2),--MID(LEFT(SUBSTITUTE(SUBSTITUTE(SUBSTITUTE(SUBSTITUTE(TRIM($W11),"-",""),".",""),"/","")," ",""),8),7,2)),""))) | Y11: =IF($X11="","",INT($X11)) | Z11: =IF(OR($Y11="",$D$6=""),"",IF(INDEX($A:$U,ROW(),$D$6)="",0,IF(ISNUMBER(INDEX($A:$U,ROW(),$D$6)),INDEX($A:$U,ROW(),$D$6),IFERROR(--SUBSTITUTE(SUBSTITUTE(TRIM(INDEX($A:$U,ROW(),$D$6)),",",""),"원",""),0)))) | AA11: =IF($Y11="","",TRIM(INDEX($A:$U,ROW(),$E$6)&IF($F$6="",""," "&INDEX($A:$U,ROW(),$F$6)))) | AB11: =IF($AA11="","",SUBSTITUTE(SUBSTITUTE(SUBSTITUTE(SUBSTITUTE(SUBSTITUTE(SUBSTITUTE(SUBSTITUTE(SUBSTITUTE(SUBSTITUTE($AA11," ","")," ",""),"(주)",""),"（주）",""),"㈜",""),"주식회사",""),"(유)",""),"（유）",""),"유한회사","")) | AC11: =IF(OR($Y11="",N($Z11)<=0,$AB11=""),0,IFERROR(LOOKUP(2,1/((거래처별!$AC$8:$AC$307<>"")*ISNUMBER(SEARCH(거래처별!$AC$8:$AC$307,$AB11))),거래처별!$A$8:$A$307),IFERROR(LOOKUP(2,1/((거래처별!$AD$8:$AD$307<>"")*ISNUMBER(SEARCH(거래처별!$AD$8:$AD$307,$AB11))),거래처별!$A$8:$A$307),IFERROR(LOOKUP(2,1/((거래처별!$AE$8:$AE$307<>"")*ISNUMBER(SEARCH(거래처별!$AE$8:$AE$307,$AB11))),거래처별!$A$8:$A$307),0)))) | AD11: =IF(AND($Y11<>"",N($Z11)>0,$AC11=0),MAX($AD$7:$AD10)+1,"") | AE11: =IF($Y11="",0,$Y11)
A12: 4 | B12: 2026-07-30 00:00:00 | C12: 바람테크 | E12: 1,650,000 | F12: 17,250,000 | G12: 가상예시 | W12: =IF(OR($B$5="",$C$6="",ROW()<$B$5),"",IF(INDEX($A:$U,ROW(),$C$6)="","",INDEX($A:$U,ROW(),$C$6))) | X12: =IF($W12="","",IF(ISNUMBER($W12),IF($W12>=10000000,IFERROR(DATE(INT($W12/10000),MOD(INT($W12/100),100),MOD($W12,100)),""),INT($W12)),IFERROR(DATE(--LEFT(LEFT(SUBSTITUTE(SUBSTITUTE(SUBSTITUTE(SUBSTITUTE(TRIM($W12),"-",""),".",""),"/","")," ",""),8),4),--MID(LEFT(SUBSTITUTE(SUBSTITUTE(SUBSTITUTE(SUBSTITUTE(TRIM($W12),"-",""),".",""),"/","")," ",""),8),5,2),--MID(LEFT(SUBSTITUTE(SUBSTITUTE(SUBSTITUTE(SUBSTITUTE(TRIM($W12),"-",""),".",""),"/","")," ",""),8),7,2)),""))) | Y12: =IF($X12="","",INT($X12)) | Z12: =IF(OR($Y12="",$D$6=""),"",IF(INDEX($A:$U,ROW(),$D$6)="",0,IF(ISNUMBER(INDEX($A:$U,ROW(),$D$6)),INDEX($A:$U,ROW(),$D$6),IFERROR(--SUBSTITUTE(SUBSTITUTE(TRIM(INDEX($A:$U,ROW(),$D$6)),",",""),"원",""),0)))) | AA12: =IF($Y12="","",TRIM(INDEX($A:$U,ROW(),$E$6)&IF($F$6="",""," "&INDEX($A:$U,ROW(),$F$6)))) | AB12: =IF($AA12="","",SUBSTITUTE(SUBSTITUTE(SUBSTITUTE(SUBSTITUTE(SUBSTITUTE(SUBSTITUTE(SUBSTITUTE(SUBSTITUTE(SUBSTITUTE($AA12," ","")," ",""),"(주)",""),"（주）",""),"㈜",""),"주식회사",""),"(유)",""),"（유）",""),"유한회사","")) | AC12: =IF(OR($Y12="",N($Z12)<=0,$AB12=""),0,IFERROR(LOOKUP(2,1/((거래처별!$AC$8:$AC$307<>"")*ISNUMBER(SEARCH(거래처별!$AC$8:$AC$307,$AB12))),거래처별!$A$8:$A$307),IFERROR(LOOKUP(2,1/((거래처별!$AD$8:$AD$307<>"")*ISNUMBER(SEARCH(거래처별!$AD$8:$AD$307,$AB12))),거래처별!$A$8:$A$307),IFERROR(LOOKUP(2,1/((거래처별!$AE$8:$AE$307<>"")*ISNUMBER(SEARCH(거래처별!$AE$8:$AE$307,$AB12))),거래처별!$A$8:$A$307),0)))) | AD12: =IF(AND($Y12<>"",N($Z12)>0,$AC12=0),MAX($AD$7:$AD11)+1,"") | AE12: =IF($Y12="",0,$Y12)
A13: 5 | B13: 2026-09-02 00:00:00 | C13: 하늘정밀 | E13: 3,300,000 | F13: 20,550,000 | G13: 가상예시 | W13: =IF(OR($B$5="",$C$6="",ROW()<$B$5),"",IF(INDEX($A:$U,ROW(),$C$6)="","",INDEX($A:$U,ROW(),$C$6))) | X13: =IF($W13="","",IF(ISNUMBER($W13),IF($W13>=10000000,IFERROR(DATE(INT($W13/10000),MOD(INT($W13/100),100),MOD($W13,100)),""),INT($W13)),IFERROR(DATE(--LEFT(LEFT(SUBSTITUTE(SUBSTITUTE(SUBSTITUTE(SUBSTITUTE(TRIM($W13),"-",""),".",""),"/","")," ",""),8),4),--MID(LEFT(SUBSTITUTE(SUBSTITUTE(SUBSTITUTE(SUBSTITUTE(TRIM($W13),"-",""),".",""),"/","")," ",""),8),5,2),--MID(LEFT(SUBSTITUTE(SUBSTITUTE(SUBSTITUTE(SUBSTITUTE(TRIM($W13),"-",""),".",""),"/","")," ",""),8),7,2)),""))) | Y13: =IF($X13="","",INT($X13)) | Z13: =IF(OR($Y13="",$D$6=""),"",IF(INDEX($A:$U,ROW(),$D$6)="",0,IF(ISNUMBER(INDEX($A:$U,ROW(),$D$6)),INDEX($A:$U,ROW(),$D$6),IFERROR(--SUBSTITUTE(SUBSTITUTE(TRIM(INDEX($A:$U,ROW(),$D$6)),",",""),"원",""),0)))) | AA13: =IF($Y13="","",TRIM(INDEX($A:$U,ROW(),$E$6)&IF($F$6="",""," "&INDEX($A:$U,ROW(),$F$6)))) | AB13: =IF($AA13="","",SUBSTITUTE(SUBSTITUTE(SUBSTITUTE(SUBSTITUTE(SUBSTITUTE(SUBSTITUTE(SUBSTITUTE(SUBSTITUTE(SUBSTITUTE($AA13," ","")," ",""),"(주)",""),"（주）",""),"㈜",""),"주식회사",""),"(유)",""),"（유）",""),"유한회사","")) | AC13: =IF(OR($Y13="",N($Z13)<=0,$AB13=""),0,IFERROR(LOOKUP(2,1/((거래처별!$AC$8:$AC$307<>"")*ISNUMBER(SEARCH(거래처별!$AC$8:$AC$307,$AB13))),거래처별!$A$8:$A$307),IFERROR(LOOKUP(2,1/((거래처별!$AD$8:$AD$307<>"")*ISNUMBER(SEARCH(거래처별!$AD$8:$AD$307,$AB13))),거래처별!$A$8:$A$307),IFERROR(LOOKUP(2,1/((거래처별!$AE$8:$AE$307<>"")*ISNUMBER(SEARCH(거래처별!$AE$8:$AE$307,$AB13))),거래처별!$A$8:$A$307),0)))) | AD13: =IF(AND($Y13<>"",N($Z13)>0,$AC13=0),MAX($AD$7:$AD12)+1,"") | AE13: =IF($Y13="",0,$Y13)
A14: 6 | B14: 2026-09-05 00:00:00 | C14: 대출실행 | E14: 20,000,000 | F14: 40,550,000 | G14: 가상예시 | W14: =IF(OR($B$5="",$C$6="",ROW()<$B$5),"",IF(INDEX($A:$U,ROW(),$C$6)="","",INDEX($A:$U,ROW(),$C$6))) | X14: =IF($W14="","",IF(ISNUMBER($W14),IF($W14>=10000000,IFERROR(DATE(INT($W14/10000),MOD(INT($W14/100),100),MOD($W14,100)),""),INT($W14)),IFERROR(DATE(--LEFT(LEFT(SUBSTITUTE(SUBSTITUTE(SUBSTITUTE(SUBSTITUTE(TRIM($W14),"-",""),".",""),"/","")," ",""),8),4),--MID(LEFT(SUBSTITUTE(SUBSTITUTE(SUBSTITUTE(SUBSTITUTE(TRIM($W14),"-",""),".",""),"/","")," ",""),8),5,2),--MID(LEFT(SUBSTITUTE(SUBSTITUTE(SUBSTITUTE(SUBSTITUTE(TRIM($W14),"-",""),".",""),"/","")," ",""),8),7,2)),""))) | Y14: =IF($X14="","",INT($X14)) | Z14: =IF(OR($Y14="",$D$6=""),"",IF(INDEX($A:$U,ROW(),$D$6)="",0,IF(ISNUMBER(INDEX($A:$U,ROW(),$D$6)),INDEX($A:$U,ROW(),$D$6),IFERROR(--SUBSTITUTE(SUBSTITUTE(TRIM(INDEX($A:$U,ROW(),$D$6)),",",""),"원",""),0)))) | AA14: =IF($Y14="","",TRIM(INDEX($A:$U,ROW(),$E$6)&IF($F$6="",""," "&INDEX($A:$U,ROW(),$F$6)))) | AB14: =IF($AA14="","",SUBSTITUTE(SUBSTITUTE(SUBSTITUTE(SUBSTITUTE(SUBSTITUTE(SUBSTITUTE(SUBSTITUTE(SUBSTITUTE(SUBSTITUTE($AA14," ","")," ",""),"(주)",""),"（주）",""),"㈜",""),"주식회사",""),"(유)",""),"（유）",""),"유한회사","")) | AC14: =IF(OR($Y14="",N($Z14)<=0,$AB14=""),0,IFERROR(LOOKUP(2,1/((거래처별!$AC$8:$AC$307<>"")*ISNUMBER(SEARCH(거래처별!$AC$8:$AC$307,$AB14))),거래처별!$A$8:$A$307),IFERROR(LOOKUP(2,1/((거래처별!$AD$8:$AD$307<>"")*ISNUMBER(SEARCH(거래처별!$AD$8:$AD$307,$AB14))),거래처별!$A$8:$A$307),IFERROR(LOOKUP(2,1/((거래처별!$AE$8:$AE$307<>"")*ISNUMBER(SEARCH(거래처별!$AE$8:$AE$307,$AB14))),거래처별!$A$8:$A$307),0)))) | AD14: =IF(AND($Y14<>"",N($Z14)>0,$AC14=0),MAX($AD$7:$AD13)+1,"") | AE14: =IF($Y14="",0,$Y14)
A15: 7 | B15: 2026-09-15 00:00:00 | C15: 해솔물산 | E15: 1,320,000 | F15: 41,870,000 | G15: 가상예시 | W15: =IF(OR($B$5="",$C$6="",ROW()<$B$5),"",IF(INDEX($A:$U,ROW(),$C$6)="","",INDEX($A:$U,ROW(),$C$6))) | X15: =IF($W15="","",IF(ISNUMBER($W15),IF($W15>=10000000,IFERROR(DATE(INT($W15/10000),MOD(INT($W15/100),100),MOD($W15,100)),""),INT($W15)),IFERROR(DATE(--LEFT(LEFT(SUBSTITUTE(SUBSTITUTE(SUBSTITUTE(SUBSTITUTE(TRIM($W15),"-",""),".",""),"/","")," ",""),8),4),--MID(LEFT(SUBSTITUTE(SUBSTITUTE(SUBSTITUTE(SUBSTITUTE(TRIM($W15),"-",""),".",""),"/","")," ",""),8),5,2),--MID(LEFT(SUBSTITUTE(SUBSTITUTE(SUBSTITUTE(SUBSTITUTE(TRIM($W15),"-",""),".",""),"/","")," ",""),8),7,2)),""))) | Y15: =IF($X15="","",INT($X15)) | Z15: =IF(OR($Y15="",$D$6=""),"",IF(INDEX($A:$U,ROW(),$D$6)="",0,IF(ISNUMBER(INDEX($A:$U,ROW(),$D$6)),INDEX($A:$U,ROW(),$D$6),IFERROR(--SUBSTITUTE(SUBSTITUTE(TRIM(INDEX($A:$U,ROW(),$D$6)),",",""),"원",""),0)))) | AA15: =IF($Y15="","",TRIM(INDEX($A:$U,ROW(),$E$6)&IF($F$6="",""," "&INDEX($A:$U,ROW(),$F$6)))) | AB15: =IF($AA15="","",SUBSTITUTE(SUBSTITUTE(SUBSTITUTE(SUBSTITUTE(SUBSTITUTE(SUBSTITUTE(SUBSTITUTE(SUBSTITUTE(SUBSTITUTE($AA15," ","")," ",""),"(주)",""),"（주）",""),"㈜",""),"주식회사",""),"(유)",""),"（유）",""),"유한회사","")) | AC15: =IF(OR($Y15="",N($Z15)<=0,$AB15=""),0,IFERROR(LOOKUP(2,1/((거래처별!$AC$8:$AC$307<>"")*ISNUMBER(SEARCH(거래처별!$AC$8:$AC$307,$AB15))),거래처별!$A$8:$A$307),IFERROR(LOOKUP(2,1/((거래처별!$AD$8:$AD$307<>"")*ISNUMBER(SEARCH(거래처별!$AD$8:$AD$307,$AB15))),거래처별!$A$8:$A$307),IFERROR(LOOKUP(2,1/((거래처별!$AE$8:$AE$307<>"")*ISNUMBER(SEARCH(거래처별!$AE$8:$AE$307,$AB15))),거래처별!$A$8:$A$307),0)))) | AD15: =IF(AND($Y15<>"",N($Z15)>0,$AC15=0),MAX($AD$7:$AD14)+1,"") | AE15: =IF($Y15="",0,$Y15)
A16: 8 | B16: 2026-09-20 00:00:00 | C16: 새봄유통(주) | E16: 2,000,000 | F16: 43,870,000 | G16: 가상예시 | W16: =IF(OR($B$5="",$C$6="",ROW()<$B$5),"",IF(INDEX($A:$U,ROW(),$C$6)="","",INDEX($A:$U,ROW(),$C$6))) | X16: =IF($W16="","",IF(ISNUMBER($W16),IF($W16>=10000000,IFERROR(DATE(INT($W16/10000),MOD(INT($W16/100),100),MOD($W16,100)),""),INT($W16)),IFERROR(DATE(--LEFT(LEFT(SUBSTITUTE(SUBSTITUTE(SUBSTITUTE(SUBSTITUTE(TRIM($W16),"-",""),".",""),"/","")," ",""),8),4),--MID(LEFT(SUBSTITUTE(SUBSTITUTE(SUBSTITUTE(SUBSTITUTE(TRIM($W16),"-",""),".",""),"/","")," ",""),8),5,2),--MID(LEFT(SUBSTITUTE(SUBSTITUTE(SUBSTITUTE(SUBSTITUTE(TRIM($W16),"-",""),".",""),"/","")," ",""),8),7,2)),""))) | Y16: =IF($X16="","",INT($X16)) | Z16: =IF(OR($Y16="",$D$6=""),"",IF(INDEX($A:$U,ROW(),$D$6)="",0,IF(ISNUMBER(INDEX($A:$U,ROW(),$D$6)),INDEX($A:$U,ROW(),$D$6),IFERROR(--SUBSTITUTE(SUBSTITUTE(TRIM(INDEX($A:$U,ROW(),$D$6)),",",""),"원",""),0)))) | AA16: =IF($Y16="","",TRIM(INDEX($A:$U,ROW(),$E$6)&IF($F$6="",""," "&INDEX($A:$U,ROW(),$F$6)))) | AB16: =IF($AA16="","",SUBSTITUTE(SUBSTITUTE(SUBSTITUTE(SUBSTITUTE(SUBSTITUTE(SUBSTITUTE(SUBSTITUTE(SUBSTITUTE(SUBSTITUTE($AA16," ","")," ",""),"(주)",""),"（주）",""),"㈜",""),"주식회사",""),"(유)",""),"（유）",""),"유한회사","")) | AC16: =IF(OR($Y16="",N($Z16)<=0,$AB16=""),0,IFERROR(LOOKUP(2,1/((거래처별!$AC$8:$AC$307<>"")*ISNUMBER(SEARCH(거래처별!$AC$8:$AC$307,$AB16))),거래처별!$A$8:$A$307),IFERROR(LOOKUP(2,1/((거래처별!$AD$8:$AD$307<>"")*ISNUMBER(SEARCH(거래처별!$AD$8:$AD$307,$AB16))),거래처별!$A$8:$A$307),IFERROR(LOOKUP(2,1/((거래처별!$AE$8:$AE$307<>"")*ISNUMBER(SEARCH(거래처별!$AE$8:$AE$307,$AB16))),거래처별!$A$8:$A$307),0)))) | AD16: =IF(AND($Y16<>"",N($Z16)>0,$AC16=0),MAX($AD$7:$AD15)+1,"") | AE16: =IF($Y16="",0,$Y16)
A17: 9 | B17: 2026-10-02 00:00:00 | C17: 해솔물산 | E17: 1,320,000 | F17: 45,190,000 | G17: 가상예시 | W17: =IF(OR($B$5="",$C$6="",ROW()<$B$5),"",IF(INDEX($A:$U,ROW(),$C$6)="","",INDEX($A:$U,ROW(),$C$6))) | X17: =IF($W17="","",IF(ISNUMBER($W17),IF($W17>=10000000,IFERROR(DATE(INT($W17/10000),MOD(INT($W17/100),100),MOD($W17,100)),""),INT($W17)),IFERROR(DATE(--LEFT(LEFT(SUBSTITUTE(SUBSTITUTE(SUBSTITUTE(SUBSTITUTE(TRIM($W17),"-",""),".",""),"/","")," ",""),8),4),--MID(LEFT(SUBSTITUTE(SUBSTITUTE(SUBSTITUTE(SUBSTITUTE(TRIM($W17),"-",""),".",""),"/","")," ",""),8),5,2),--MID(LEFT(SUBSTITUTE(SUBSTITUTE(SUBSTITUTE(SUBSTITUTE(TRIM($W17),"-",""),".",""),"/","")," ",""),8),7,2)),""))) | Y17: =IF($X17="","",INT($X17)) | Z17: =IF(OR($Y17="",$D$6=""),"",IF(INDEX($A:$U,ROW(),$D$6)="",0,IF(ISNUMBER(INDEX($A:$U,ROW(),$D$6)),INDEX($A:$U,ROW(),$D$6),IFERROR(--SUBSTITUTE(SUBSTITUTE(TRIM(INDEX($A:$U,ROW(),$D$6)),",",""),"원",""),0)))) | AA17: =IF($Y17="","",TRIM(INDEX($A:$U,ROW(),$E$6)&IF($F$6="",""," "&INDEX($A:$U,ROW(),$F$6)))) | AB17: =IF($AA17="","",SUBSTITUTE(SUBSTITUTE(SUBSTITUTE(SUBSTITUTE(SUBSTITUTE(SUBSTITUTE(SUBSTITUTE(SUBSTITUTE(SUBSTITUTE($AA17," ","")," ",""),"(주)",""),"（주）",""),"㈜",""),"주식회사",""),"(유)",""),"（유）",""),"유한회사","")) | AC17: =IF(OR($Y17="",N($Z17)<=0,$AB17=""),0,IFERROR(LOOKUP(2,1/((거래처별!$AC$8:$AC$307<>"")*ISNUMBER(SEARCH(거래처별!$AC$8:$AC$307,$AB17))),거래처별!$A$8:$A$307),IFERROR(LOOKUP(2,1/((거래처별!$AD$8:$AD$307<>"")*ISNUMBER(SEARCH(거래처별!$AD$8:$AD$307,$AB17))),거래처별!$A$8:$A$307),IFERROR(LOOKUP(2,1/((거래처별!$AE$8:$AE$307<>"")*ISNUMBER(SEARCH(거래처별!$AE$8:$AE$307,$AB17))),거래처별!$A$8:$A$307),0)))) | AD17: =IF(AND($Y17<>"",N($Z17)>0,$AC17=0),MAX($AD$7:$AD16)+1,"") | AE17: =IF($Y17="",0,$Y17)
W18: =IF(OR($B$5="",$C$6="",ROW()<$B$5),"",IF(INDEX($A:$U,ROW(),$C$6)="","",INDEX($A:$U,ROW(),$C$6))) | X18: =IF($W18="","",IF(ISNUMBER($W18),IF($W18>=10000000,IFERROR(DATE(INT($W18/10000),MOD(INT($W18/100),100),MOD($W18,100)),""),INT($W18)),IFERROR(DATE(--LEFT(LEFT(SUBSTITUTE(SUBSTITUTE(SUBSTITUTE(SUBSTITUTE(TRIM($W18),"-",""),".",""),"/","")," ",""),8),4),--MID(LEFT(SUBSTITUTE(SUBSTITUTE(SUBSTITUTE(SUBSTITUTE(TRIM($W18),"-",""),".",""),"/","")," ",""),8),5,2),--MID(LEFT(SUBSTITUTE(SUBSTITUTE(SUBSTITUTE(SUBSTITUTE(TRIM($W18),"-",""),".",""),"/","")," ",""),8),7,2)),""))) | Y18: =IF($X18="","",INT($X18)) | Z18: =IF(OR($Y18="",$D$6=""),"",IF(INDEX($A:$U,ROW(),$D$6)="",0,IF(ISNUMBER(INDEX($A:$U,ROW(),$D$6)),INDEX($A:$U,ROW(),$D$6),IFERROR(--SUBSTITUTE(SUBSTITUTE(TRIM(INDEX($A:$U,ROW(),$D$6)),",",""),"원",""),0)))) | AA18: =IF($Y18="","",TRIM(INDEX($A:$U,ROW(),$E$6)&IF($F$6="",""," "&INDEX($A:$U,ROW(),$F$6)))) | AB18: =IF($AA18="","",SUBSTITUTE(SUBSTITUTE(SUBSTITUTE(SUBSTITUTE(SUBSTITUTE(SUBSTITUTE(SUBSTITUTE(SUBSTITUTE(SUBSTITUTE($AA18," ","")," ",""),"(주)",""),"（주）",""),"㈜",""),"주식회사",""),"(유)",""),"（유）",""),"유한회사","")) | AC18: =IF(OR($Y18="",N($Z18)<=0,$AB18=""),0,IFERROR(LOOKUP(2,1/((거래처별!$AC$8:$AC$307<>"")*ISNUMBER(SEARCH(거래처별!$AC$8:$AC$307,$AB18))),거래처별!$A$8:$A$307),IFERROR(LOOKUP(2,1/((거래처별!$AD$8:$AD$307<>"")*ISNUMBER(SEARCH(거래처별!$AD$8:$AD$307,$AB18))),거래처별!$A$8:$A$307),IFERROR(LOOKUP(2,1/((거래처별!$AE$8:$AE$307<>"")*ISNUMBER(SEARCH(거래처별!$AE$8:$AE$307,$AB18))),거래처별!$A$8:$A$307),0)))) | AD18: =IF(AND($Y18<>"",N($Z18)>0,$AC18=0),MAX($AD$7:$AD17)+1,"") | AE18: =IF($Y18="",0,$Y18)
W19: =IF(OR($B$5="",$C$6="",ROW()<$B$5),"",IF(INDEX($A:$U,ROW(),$C$6)="","",INDEX($A:$U,ROW(),$C$6))) | X19: =IF($W19="","",IF(ISNUMBER($W19),IF($W19>=10000000,IFERROR(DATE(INT($W19/10000),MOD(INT($W19/100),100),MOD($W19,100)),""),INT($W19)),IFERROR(DATE(--LEFT(LEFT(SUBSTITUTE(SUBSTITUTE(SUBSTITUTE(SUBSTITUTE(TRIM($W19),"-",""),".",""),"/","")," ",""),8),4),--MID(LEFT(SUBSTITUTE(SUBSTITUTE(SUBSTITUTE(SUBSTITUTE(TRIM($W19),"-",""),".",""),"/","")," ",""),8),5,2),--MID(LEFT(SUBSTITUTE(SUBSTITUTE(SUBSTITUTE(SUBSTITUTE(TRIM($W19),"-",""),".",""),"/","")," ",""),8),7,2)),""))) | Y19: =IF($X19="","",INT($X19)) | Z19: =IF(OR($Y19="",$D$6=""),"",IF(INDEX($A:$U,ROW(),$D$6)="",0,IF(ISNUMBER(INDEX($A:$U,ROW(),$D$6)),INDEX($A:$U,ROW(),$D$6),IFERROR(--SUBSTITUTE(SUBSTITUTE(TRIM(INDEX($A:$U,ROW(),$D$6)),",",""),"원",""),0)))) | AA19: =IF($Y19="","",TRIM(INDEX($A:$U,ROW(),$E$6)&IF($F$6="",""," "&INDEX($A:$U,ROW(),$F$6)))) | AB19: =IF($AA19="","",SUBSTITUTE(SUBSTITUTE(SUBSTITUTE(SUBSTITUTE(SUBSTITUTE(SUBSTITUTE(SUBSTITUTE(SUBSTITUTE(SUBSTITUTE($AA19," ","")," ",""),"(주)",""),"（주）",""),"㈜",""),"주식회사",""),"(유)",""),"（유）",""),"유한회사","")) | AC19: =IF(OR($Y19="",N($Z19)<=0,$AB19=""),0,IFERROR(LOOKUP(2,1/((거래처별!$AC$8:$AC$307<>"")*ISNUMBER(SEARCH(거래처별!$AC$8:$AC$307,$AB19))),거래처별!$A$8:$A$307),IFERROR(LOOKUP(2,1/((거래처별!$AD$8:$AD$307<>"")*ISNUMBER(SEARCH(거래처별!$AD$8:$AD$307,$AB19))),거래처별!$A$8:$A$307),IFERROR(LOOKUP(2,1/((거래처별!$AE$8:$AE$307<>"")*ISNUMBER(SEARCH(거래처별!$AE$8:$AE$307,$AB19))),거래처별!$A$8:$A$307),0)))) | AD19: =IF(AND($Y19<>"",N($Z19)>0,$AC19=0),MAX($AD$7:$AD18)+1,"") | AE19: =IF($Y19="",0,$Y19)
W20: =IF(OR($B$5="",$C$6="",ROW()<$B$5),"",IF(INDEX($A:$U,ROW(),$C$6)="","",INDEX($A:$U,ROW(),$C$6))) | X20: =IF($W20="","",IF(ISNUMBER($W20),IF($W20>=10000000,IFERROR(DATE(INT($W20/10000),MOD(INT($W20/100),100),MOD($W20,100)),""),INT($W20)),IFERROR(DATE(--LEFT(LEFT(SUBSTITUTE(SUBSTITUTE(SUBSTITUTE(SUBSTITUTE(TRIM($W20),"-",""),".",""),"/","")," ",""),8),4),--MID(LEFT(SUBSTITUTE(SUBSTITUTE(SUBSTITUTE(SUBSTITUTE(TRIM($W20),"-",""),".",""),"/","")," ",""),8),5,2),--MID(LEFT(SUBSTITUTE(SUBSTITUTE(SUBSTITUTE(SUBSTITUTE(TRIM($W20),"-",""),".",""),"/","")," ",""),8),7,2)),""))) | Y20: =IF($X20="","",INT($X20)) | Z20: =IF(OR($Y20="",$D$6=""),"",IF(INDEX($A:$U,ROW(),$D$6)="",0,IF(ISNUMBER(INDEX($A:$U,ROW(),$D$6)),INDEX($A:$U,ROW(),$D$6),IFERROR(--SUBSTITUTE(SUBSTITUTE(TRIM(INDEX($A:$U,ROW(),$D$6)),",",""),"원",""),0)))) | AA20: =IF($Y20="","",TRIM(INDEX($A:$U,ROW(),$E$6)&IF($F$6="",""," "&INDEX($A:$U,ROW(),$F$6)))) | AB20: =IF($AA20="","",SUBSTITUTE(SUBSTITUTE(SUBSTITUTE(SUBSTITUTE(SUBSTITUTE(SUBSTITUTE(SUBSTITUTE(SUBSTITUTE(SUBSTITUTE($AA20," ","")," ",""),"(주)",""),"（주）",""),"㈜",""),"주식회사",""),"(유)",""),"（유）",""),"유한회사","")) | AC20: =IF(OR($Y20="",N($Z20)<=0,$AB20=""),0,IFERROR(LOOKUP(2,1/((거래처별!$AC$8:$AC$307<>"")*ISNUMBER(SEARCH(거래처별!$AC$8:$AC$307,$AB20))),거래처별!$A$8:$A$307),IFERROR(LOOKUP(2,1/((거래처별!$AD$8:$AD$307<>"")*ISNUMBER(SEARCH(거래처별!$AD$8:$AD$307,$AB20))),거래처별!$A$8:$A$307),IFERROR(LOOKUP(2,1/((거래처별!$AE$8:$AE$307<>"")*ISNUMBER(SEARCH(거래처별!$AE$8:$AE$307,$AB20))),거래처별!$A$8:$A$307),0)))) | AD20: =IF(AND($Y20<>"",N($Z20)>0,$AC20=0),MAX($AD$7:$AD19)+1,"") | AE20: =IF($Y20="",0,$Y20)
W21: =IF(OR($B$5="",$C$6="",ROW()<$B$5),"",IF(INDEX($A:$U,ROW(),$C$6)="","",INDEX($A:$U,ROW(),$C$6))) | X21: =IF($W21="","",IF(ISNUMBER($W21),IF($W21>=10000000,IFERROR(DATE(INT($W21/10000),MOD(INT($W21/100),100),MOD($W21,100)),""),INT($W21)),IFERROR(DATE(--LEFT(LEFT(SUBSTITUTE(SUBSTITUTE(SUBSTITUTE(SUBSTITUTE(TRIM($W21),"-",""),".",""),"/","")," ",""),8),4),--MID(LEFT(SUBSTITUTE(SUBSTITUTE(SUBSTITUTE(SUBSTITUTE(TRIM($W21),"-",""),".",""),"/","")," ",""),8),5,2),--MID(LEFT(SUBSTITUTE(SUBSTITUTE(SUBSTITUTE(SUBSTITUTE(TRIM($W21),"-",""),".",""),"/","")," ",""),8),7,2)),""))) | Y21: =IF($X21="","",INT($X21)) | Z21: =IF(OR($Y21="",$D$6=""),"",IF(INDEX($A:$U,ROW(),$D$6)="",0,IF(ISNUMBER(INDEX($A:$U,ROW(),$D$6)),INDEX($A:$U,ROW(),$D$6),IFERROR(--SUBSTITUTE(SUBSTITUTE(TRIM(INDEX($A:$U,ROW(),$D$6)),",",""),"원",""),0)))) | AA21: =IF($Y21="","",TRIM(INDEX($A:$U,ROW(),$E$6)&IF($F$6="",""," "&INDEX($A:$U,ROW(),$F$6)))) | AB21: =IF($AA21="","",SUBSTITUTE(SUBSTITUTE(SUBSTITUTE(SUBSTITUTE(SUBSTITUTE(SUBSTITUTE(SUBSTITUTE(SUBSTITUTE(SUBSTITUTE($AA21," ","")," ",""),"(주)",""),"（주）",""),"㈜",""),"주식회사",""),"(유)",""),"（유）",""),"유한회사","")) | AC21: =IF(OR($Y21="",N($Z21)<=0,$AB21=""),0,IFERROR(LOOKUP(2,1/((거래처별!$AC$8:$AC$307<>"")*ISNUMBER(SEARCH(거래처별!$AC$8:$AC$307,$AB21))),거래처별!$A$8:$A$307),IFERROR(LOOKUP(2,1/((거래처별!$AD$8:$AD$307<>"")*ISNUMBER(SEARCH(거래처별!$AD$8:$AD$307,$AB21))),거래처별!$A$8:$A$307),IFERROR(LOOKUP(2,1/((거래처별!$AE$8:$AE$307<>"")*ISNUMBER(SEARCH(거래처별!$AE$8:$AE$307,$AB21))),거래처별!$A$8:$A$307),0)))) | AD21: =IF(AND($Y21<>"",N($Z21)>0,$AC21=0),MAX($AD$7:$AD20)+1,"") | AE21: =IF($Y21="",0,$Y21)
W22: =IF(OR($B$5="",$C$6="",ROW()<$B$5),"",IF(INDEX($A:$U,ROW(),$C$6)="","",INDEX($A:$U,ROW(),$C$6))) | X22: =IF($W22="","",IF(ISNUMBER($W22),IF($W22>=10000000,IFERROR(DATE(INT($W22/10000),MOD(INT($W22/100),100),MOD($W22,100)),""),INT($W22)),IFERROR(DATE(--LEFT(LEFT(SUBSTITUTE(SUBSTITUTE(SUBSTITUTE(SUBSTITUTE(TRIM($W22),"-",""),".",""),"/","")," ",""),8),4),--MID(LEFT(SUBSTITUTE(SUBSTITUTE(SUBSTITUTE(SUBSTITUTE(TRIM($W22),"-",""),".",""),"/","")," ",""),8),5,2),--MID(LEFT(SUBSTITUTE(SUBSTITUTE(SUBSTITUTE(SUBSTITUTE(TRIM($W22),"-",""),".",""),"/","")," ",""),8),7,2)),""))) | Y22: =IF($X22="","",INT($X22)) | Z22: =IF(OR($Y22="",$D$6=""),"",IF(INDEX($A:$U,ROW(),$D$6)="",0,IF(ISNUMBER(INDEX($A:$U,ROW(),$D$6)),INDEX($A:$U,ROW(),$D$6),IFERROR(--SUBSTITUTE(SUBSTITUTE(TRIM(INDEX($A:$U,ROW(),$D$6)),",",""),"원",""),0)))) | AA22: =IF($Y22="","",TRIM(INDEX($A:$U,ROW(),$E$6)&IF($F$6="",""," "&INDEX($A:$U,ROW(),$F$6)))) | AB22: =IF($AA22="","",SUBSTITUTE(SUBSTITUTE(SUBSTITUTE(SUBSTITUTE(SUBSTITUTE(SUBSTITUTE(SUBSTITUTE(SUBSTITUTE(SUBSTITUTE($AA22," ","")," ",""),"(주)",""),"（주）",""),"㈜",""),"주식회사",""),"(유)",""),"（유）",""),"유한회사","")) | AC22: =IF(OR($Y22="",N($Z22)<=0,$AB22=""),0,IFERROR(LOOKUP(2,1/((거래처별!$AC$8:$AC$307<>"")*ISNUMBER(SEARCH(거래처별!$AC$8:$AC$307,$AB22))),거래처별!$A$8:$A$307),IFERROR(LOOKUP(2,1/((거래처별!$AD$8:$AD$307<>"")*ISNUMBER(SEARCH(거래처별!$AD$8:$AD$307,$AB22))),거래처별!$A$8:$A$307),IFERROR(LOOKUP(2,1/((거래처별!$AE$8:$AE$307<>"")*ISNUMBER(SEARCH(거래처별!$AE$8:$AE$307,$AB22))),거래처별!$A$8:$A$307),0)))) | AD22: =IF(AND($Y22<>"",N($Z22)>0,$AC22=0),MAX($AD$7:$AD21)+1,"") | AE22: =IF($Y22="",0,$Y22)
W23: =IF(OR($B$5="",$C$6="",ROW()<$B$5),"",IF(INDEX($A:$U,ROW(),$C$6)="","",INDEX($A:$U,ROW(),$C$6))) | X23: =IF($W23="","",IF(ISNUMBER($W23),IF($W23>=10000000,IFERROR(DATE(INT($W23/10000),MOD(INT($W23/100),100),MOD($W23,100)),""),INT($W23)),IFERROR(DATE(--LEFT(LEFT(SUBSTITUTE(SUBSTITUTE(SUBSTITUTE(SUBSTITUTE(TRIM($W23),"-",""),".",""),"/","")," ",""),8),4),--MID(LEFT(SUBSTITUTE(SUBSTITUTE(SUBSTITUTE(SUBSTITUTE(TRIM($W23),"-",""),".",""),"/","")," ",""),8),5,2),--MID(LEFT(SUBSTITUTE(SUBSTITUTE(SUBSTITUTE(SUBSTITUTE(TRIM($W23),"-",""),".",""),"/","")," ",""),8),7,2)),""))) | Y23: =IF($X23="","",INT($X23)) | Z23: =IF(OR($Y23="",$D$6=""),"",IF(INDEX($A:$U,ROW(),$D$6)="",0,IF(ISNUMBER(INDEX($A:$U,ROW(),$D$6)),INDEX($A:$U,ROW(),$D$6),IFERROR(--SUBSTITUTE(SUBSTITUTE(TRIM(INDEX($A:$U,ROW(),$D$6)),",",""),"원",""),0)))) | AA23: =IF($Y23="","",TRIM(INDEX($A:$U,ROW(),$E$6)&IF($F$6="",""," "&INDEX($A:$U,ROW(),$F$6)))) | AB23: =IF($AA23="","",SUBSTITUTE(SUBSTITUTE(SUBSTITUTE(SUBSTITUTE(SUBSTITUTE(SUBSTITUTE(SUBSTITUTE(SUBSTITUTE(SUBSTITUTE($AA23," ","")," ",""),"(주)",""),"（주）",""),"㈜",""),"주식회사",""),"(유)",""),"（유）",""),"유한회사","")) | AC23: =IF(OR($Y23="",N($Z23)<=0,$AB23=""),0,IFERROR(LOOKUP(2,1/((거래처별!$AC$8:$AC$307<>"")*ISNUMBER(SEARCH(거래처별!$AC$8:$AC$307,$AB23))),거래처별!$A$8:$A$307),IFERROR(LOOKUP(2,1/((거래처별!$AD$8:$AD$307<>"")*ISNUMBER(SEARCH(거래처별!$AD$8:$AD$307,$AB23))),거래처별!$A$8:$A$307),IFERROR(LOOKUP(2,1/((거래처별!$AE$8:$AE$307<>"")*ISNUMBER(SEARCH(거래처별!$AE$8:$AE$307,$AB23))),거래처별!$A$8:$A$307),0)))) | AD23: =IF(AND($Y23<>"",N($Z23)>0,$AC23=0),MAX($AD$7:$AD22)+1,"") | AE23: =IF($Y23="",0,$Y23)
W24: =IF(OR($B$5="",$C$6="",ROW()<$B$5),"",IF(INDEX($A:$U,ROW(),$C$6)="","",INDEX($A:$U,ROW(),$C$6))) | X24: =IF($W24="","",IF(ISNUMBER($W24),IF($W24>=10000000,IFERROR(DATE(INT($W24/10000),MOD(INT($W24/100),100),MOD($W24,100)),""),INT($W24)),IFERROR(DATE(--LEFT(LEFT(SUBSTITUTE(SUBSTITUTE(SUBSTITUTE(SUBSTITUTE(TRIM($W24),"-",""),".",""),"/","")," ",""),8),4),--MID(LEFT(SUBSTITUTE(SUBSTITUTE(SUBSTITUTE(SUBSTITUTE(TRIM($W24),"-",""),".",""),"/","")," ",""),8),5,2),--MID(LEFT(SUBSTITUTE(SUBSTITUTE(SUBSTITUTE(SUBSTITUTE(TRIM($W24),"-",""),".",""),"/","")," ",""),8),7,2)),""))) | Y24: =IF($X24="","",INT($X24)) | Z24: =IF(OR($Y24="",$D$6=""),"",IF(INDEX($A:$U,ROW(),$D$6)="",0,IF(ISNUMBER(INDEX($A:$U,ROW(),$D$6)),INDEX($A:$U,ROW(),$D$6),IFERROR(--SUBSTITUTE(SUBSTITUTE(TRIM(INDEX($A:$U,ROW(),$D$6)),",",""),"원",""),0)))) | AA24: =IF($Y24="","",TRIM(INDEX($A:$U,ROW(),$E$6)&IF($F$6="",""," "&INDEX($A:$U,ROW(),$F$6)))) | AB24: =IF($AA24="","",SUBSTITUTE(SUBSTITUTE(SUBSTITUTE(SUBSTITUTE(SUBSTITUTE(SUBSTITUTE(SUBSTITUTE(SUBSTITUTE(SUBSTITUTE($AA24," ","")," ",""),"(주)",""),"（주）",""),"㈜",""),"주식회사",""),"(유)",""),"（유）",""),"유한회사","")) | AC24: =IF(OR($Y24="",N($Z24)<=0,$AB24=""),0,IFERROR(LOOKUP(2,1/((거래처별!$AC$8:$AC$307<>"")*ISNUMBER(SEARCH(거래처별!$AC$8:$AC$307,$AB24))),거래처별!$A$8:$A$307),IFERROR(LOOKUP(2,1/((거래처별!$AD$8:$AD$307<>"")*ISNUMBER(SEARCH(거래처별!$AD$8:$AD$307,$AB24))),거래처별!$A$8:$A$307),IFERROR(LOOKUP(2,1/((거래처별!$AE$8:$AE$307<>"")*ISNUMBER(SEARCH(거래처별!$AE$8:$AE$307,$AB24))),거래처별!$A$8:$A$307),0)))) | AD24: =IF(AND($Y24<>"",N($Z24)>0,$AC24=0),MAX($AD$7:$AD23)+1,"") | AE24: =IF($Y24="",0,$Y24)
W25: =IF(OR($B$5="",$C$6="",ROW()<$B$5),"",IF(INDEX($A:$U,ROW(),$C$6)="","",INDEX($A:$U,ROW(),$C$6))) | X25: =IF($W25="","",IF(ISNUMBER($W25),IF($W25>=10000000,IFERROR(DATE(INT($W25/10000),MOD(INT($W25/100),100),MOD($W25,100)),""),INT($W25)),IFERROR(DATE(--LEFT(LEFT(SUBSTITUTE(SUBSTITUTE(SUBSTITUTE(SUBSTITUTE(TRIM($W25),"-",""),".",""),"/","")," ",""),8),4),--MID(LEFT(SUBSTITUTE(SUBSTITUTE(SUBSTITUTE(SUBSTITUTE(TRIM($W25),"-",""),".",""),"/","")," ",""),8),5,2),--MID(LEFT(SUBSTITUTE(SUBSTITUTE(SUBSTITUTE(SUBSTITUTE(TRIM($W25),"-",""),".",""),"/","")," ",""),8),7,2)),""))) | Y25: =IF($X25="","",INT($X25)) | Z25: =IF(OR($Y25="",$D$6=""),"",IF(INDEX($A:$U,ROW(),$D$6)="",0,IF(ISNUMBER(INDEX($A:$U,ROW(),$D$6)),INDEX($A:$U,ROW(),$D$6),IFERROR(--SUBSTITUTE(SUBSTITUTE(TRIM(INDEX($A:$U,ROW(),$D$6)),",",""),"원",""),0)))) | AA25: =IF($Y25="","",TRIM(INDEX($A:$U,ROW(),$E$6)&IF($F$6="",""," "&INDEX($A:$U,ROW(),$F$6)))) | AB25: =IF($AA25="","",SUBSTITUTE(SUBSTITUTE(SUBSTITUTE(SUBSTITUTE(SUBSTITUTE(SUBSTITUTE(SUBSTITUTE(SUBSTITUTE(SUBSTITUTE($AA25," ","")," ",""),"(주)",""),"（주）",""),"㈜",""),"주식회사",""),"(유)",""),"（유）",""),"유한회사","")) | AC25: =IF(OR($Y25="",N($Z25)<=0,$AB25=""),0,IFERROR(LOOKUP(2,1/((거래처별!$AC$8:$AC$307<>"")*ISNUMBER(SEARCH(거래처별!$AC$8:$AC$307,$AB25))),거래처별!$A$8:$A$307),IFERROR(LOOKUP(2,1/((거래처별!$AD$8:$AD$307<>"")*ISNUMBER(SEARCH(거래처별!$AD$8:$AD$307,$AB25))),거래처별!$A$8:$A$307),IFERROR(LOOKUP(2,1/((거래처별!$AE$8:$AE$307<>"")*ISNUMBER(SEARCH(거래처별!$AE$8:$AE$307,$AB25))),거래처별!$A$8:$A$307),0)))) | AD25: =IF(AND($Y25<>"",N($Z25)>0,$AC25=0),MAX($AD$7:$AD24)+1,"") | AE25: =IF($Y25="",0,$Y25)
W26: =IF(OR($B$5="",$C$6="",ROW()<$B$5),"",IF(INDEX($A:$U,ROW(),$C$6)="","",INDEX($A:$U,ROW(),$C$6))) | X26: =IF($W26="","",IF(ISNUMBER($W26),IF($W26>=10000000,IFERROR(DATE(INT($W26/10000),MOD(INT($W26/100),100),MOD($W26,100)),""),INT($W26)),IFERROR(DATE(--LEFT(LEFT(SUBSTITUTE(SUBSTITUTE(SUBSTITUTE(SUBSTITUTE(TRIM($W26),"-",""),".",""),"/","")," ",""),8),4),--MID(LEFT(SUBSTITUTE(SUBSTITUTE(SUBSTITUTE(SUBSTITUTE(TRIM($W26),"-",""),".",""),"/","")," ",""),8),5,2),--MID(LEFT(SUBSTITUTE(SUBSTITUTE(SUBSTITUTE(SUBSTITUTE(TRIM($W26),"-",""),".",""),"/","")," ",""),8),7,2)),""))) | Y26: =IF($X26="","",INT($X26)) | Z26: =IF(OR($Y26="",$D$6=""),"",IF(INDEX($A:$U,ROW(),$D$6)="",0,IF(ISNUMBER(INDEX($A:$U,ROW(),$D$6)),INDEX($A:$U,ROW(),$D$6),IFERROR(--SUBSTITUTE(SUBSTITUTE(TRIM(INDEX($A:$U,ROW(),$D$6)),",",""),"원",""),0)))) | AA26: =IF($Y26="","",TRIM(INDEX($A:$U,ROW(),$E$6)&IF($F$6="",""," "&INDEX($A:$U,ROW(),$F$6)))) | AB26: =IF($AA26="","",SUBSTITUTE(SUBSTITUTE(SUBSTITUTE(SUBSTITUTE(SUBSTITUTE(SUBSTITUTE(SUBSTITUTE(SUBSTITUTE(SUBSTITUTE($AA26," ","")," ",""),"(주)",""),"（주）",""),"㈜",""),"주식회사",""),"(유)",""),"（유）",""),"유한회사","")) | AC26: =IF(OR($Y26="",N($Z26)<=0,$AB26=""),0,IFERROR(LOOKUP(2,1/((거래처별!$AC$8:$AC$307<>"")*ISNUMBER(SEARCH(거래처별!$AC$8:$AC$307,$AB26))),거래처별!$A$8:$A$307),IFERROR(LOOKUP(2,1/((거래처별!$AD$8:$AD$307<>"")*ISNUMBER(SEARCH(거래처별!$AD$8:$AD$307,$AB26))),거래처별!$A$8:$A$307),IFERROR(LOOKUP(2,1/((거래처별!$AE$8:$AE$307<>"")*ISNUMBER(SEARCH(거래처별!$AE$8:$AE$307,$AB26))),거래처별!$A$8:$A$307),0)))) | AD26: =IF(AND($Y26<>"",N($Z26)>0,$AC26=0),MAX($AD$7:$AD25)+1,"") | AE26: =IF($Y26="",0,$Y26)
W27: =IF(OR($B$5="",$C$6="",ROW()<$B$5),"",IF(INDEX($A:$U,ROW(),$C$6)="","",INDEX($A:$U,ROW(),$C$6))) | X27: =IF($W27="","",IF(ISNUMBER($W27),IF($W27>=10000000,IFERROR(DATE(INT($W27/10000),MOD(INT($W27/100),100),MOD($W27,100)),""),INT($W27)),IFERROR(DATE(--LEFT(LEFT(SUBSTITUTE(SUBSTITUTE(SUBSTITUTE(SUBSTITUTE(TRIM($W27),"-",""),".",""),"/","")," ",""),8),4),--MID(LEFT(SUBSTITUTE(SUBSTITUTE(SUBSTITUTE(SUBSTITUTE(TRIM($W27),"-",""),".",""),"/","")," ",""),8),5,2),--MID(LEFT(SUBSTITUTE(SUBSTITUTE(SUBSTITUTE(SUBSTITUTE(TRIM($W27),"-",""),".",""),"/","")," ",""),8),7,2)),""))) | Y27: =IF($X27="","",INT($X27)) | Z27: =IF(OR($Y27="",$D$6=""),"",IF(INDEX($A:$U,ROW(),$D$6)="",0,IF(ISNUMBER(INDEX($A:$U,ROW(),$D$6)),INDEX($A:$U,ROW(),$D$6),IFERROR(--SUBSTITUTE(SUBSTITUTE(TRIM(INDEX($A:$U,ROW(),$D$6)),",",""),"원",""),0)))) | AA27: =IF($Y27="","",TRIM(INDEX($A:$U,ROW(),$E$6)&IF($F$6="",""," "&INDEX($A:$U,ROW(),$F$6)))) | AB27: =IF($AA27="","",SUBSTITUTE(SUBSTITUTE(SUBSTITUTE(SUBSTITUTE(SUBSTITUTE(SUBSTITUTE(SUBSTITUTE(SUBSTITUTE(SUBSTITUTE($AA27," ","")," ",""),"(주)",""),"（주）",""),"㈜",""),"주식회사",""),"(유)",""),"（유）",""),"유한회사","")) | AC27: =IF(OR($Y27="",N($Z27)<=0,$AB27=""),0,IFERROR(LOOKUP(2,1/((거래처별!$AC$8:$AC$307<>"")*ISNUMBER(SEARCH(거래처별!$AC$8:$AC$307,$AB27))),거래처별!$A$8:$A$307),IFERROR(LOOKUP(2,1/((거래처별!$AD$8:$AD$307<>"")*ISNUMBER(SEARCH(거래처별!$AD$8:$AD$307,$AB27))),거래처별!$A$8:$A$307),IFERROR(LOOKUP(2,1/((거래처별!$AE$8:$AE$307<>"")*ISNUMBER(SEARCH(거래처별!$AE$8:$AE$307,$AB27))),거래처별!$A$8:$A$307),0)))) | AD27: =IF(AND($Y27<>"",N($Z27)>0,$AC27=0),MAX($AD$7:$AD26)+1,"") | AE27: =IF($Y27="",0,$Y27)
W28: =IF(OR($B$5="",$C$6="",ROW()<$B$5),"",IF(INDEX($A:$U,ROW(),$C$6)="","",INDEX($A:$U,ROW(),$C$6))) | X28: =IF($W28="","",IF(ISNUMBER($W28),IF($W28>=10000000,IFERROR(DATE(INT($W28/10000),MOD(INT($W28/100),100),MOD($W28,100)),""),INT($W28)),IFERROR(DATE(--LEFT(LEFT(SUBSTITUTE(SUBSTITUTE(SUBSTITUTE(SUBSTITUTE(TRIM($W28),"-",""),".",""),"/","")," ",""),8),4),--MID(LEFT(SUBSTITUTE(SUBSTITUTE(SUBSTITUTE(SUBSTITUTE(TRIM($W28),"-",""),".",""),"/","")," ",""),8),5,2),--MID(LEFT(SUBSTITUTE(SUBSTITUTE(SUBSTITUTE(SUBSTITUTE(TRIM($W28),"-",""),".",""),"/","")," ",""),8),7,2)),""))) | Y28: =IF($X28="","",INT($X28)) | Z28: =IF(OR($Y28="",$D$6=""),"",IF(INDEX($A:$U,ROW(),$D$6)="",0,IF(ISNUMBER(INDEX($A:$U,ROW(),$D$6)),INDEX($A:$U,ROW(),$D$6),IFERROR(--SUBSTITUTE(SUBSTITUTE(TRIM(INDEX($A:$U,ROW(),$D$6)),",",""),"원",""),0)))) | AA28: =IF($Y28="","",TRIM(INDEX($A:$U,ROW(),$E$6)&IF($F$6="",""," "&INDEX($A:$U,ROW(),$F$6)))) | AB28: =IF($AA28="","",SUBSTITUTE(SUBSTITUTE(SUBSTITUTE(SUBSTITUTE(SUBSTITUTE(SUBSTITUTE(SUBSTITUTE(SUBSTITUTE(SUBSTITUTE($AA28," ","")," ",""),"(주)",""),"（주）",""),"㈜",""),"주식회사",""),"(유)",""),"（유）",""),"유한회사","")) | AC28: =IF(OR($Y28="",N($Z28)<=0,$AB28=""),0,IFERROR(LOOKUP(2,1/((거래처별!$AC$8:$AC$307<>"")*ISNUMBER(SEARCH(거래처별!$AC$8:$AC$307,$AB28))),거래처별!$A$8:$A$307),IFERROR(LOOKUP(2,1/((거래처별!$AD$8:$AD$307<>"")*ISNUMBER(SEARCH(거래처별!$AD$8:$AD$307,$AB28))),거래처별!$A$8:$A$307),IFERROR(LOOKUP(2,1/((거래처별!$AE$8:$AE$307<>"")*ISNUMBER(SEARCH(거래처별!$AE$8:$AE$307,$AB28))),거래처별!$A$8:$A$307),0)))) | AD28: =IF(AND($Y28<>"",N($Z28)>0,$AC28=0),MAX($AD$7:$AD27)+1,"") | AE28: =IF($Y28="",0,$Y28)
W29: =IF(OR($B$5="",$C$6="",ROW()<$B$5),"",IF(INDEX($A:$U,ROW(),$C$6)="","",INDEX($A:$U,ROW(),$C$6))) | X29: =IF($W29="","",IF(ISNUMBER($W29),IF($W29>=10000000,IFERROR(DATE(INT($W29/10000),MOD(INT($W29/100),100),MOD($W29,100)),""),INT($W29)),IFERROR(DATE(--LEFT(LEFT(SUBSTITUTE(SUBSTITUTE(SUBSTITUTE(SUBSTITUTE(TRIM($W29),"-",""),".",""),"/","")," ",""),8),4),--MID(LEFT(SUBSTITUTE(SUBSTITUTE(SUBSTITUTE(SUBSTITUTE(TRIM($W29),"-",""),".",""),"/","")," ",""),8),5,2),--MID(LEFT(SUBSTITUTE(SUBSTITUTE(SUBSTITUTE(SUBSTITUTE(TRIM($W29),"-",""),".",""),"/","")," ",""),8),7,2)),""))) | Y29: =IF($X29="","",INT($X29)) | Z29: =IF(OR($Y29="",$D$6=""),"",IF(INDEX($A:$U,ROW(),$D$6)="",0,IF(ISNUMBER(INDEX($A:$U,ROW(),$D$6)),INDEX($A:$U,ROW(),$D$6),IFERROR(--SUBSTITUTE(SUBSTITUTE(TRIM(INDEX($A:$U,ROW(),$D$6)),",",""),"원",""),0)))) | AA29: =IF($Y29="","",TRIM(INDEX($A:$U,ROW(),$E$6)&IF($F$6="",""," "&INDEX($A:$U,ROW(),$F$6)))) | AB29: =IF($AA29="","",SUBSTITUTE(SUBSTITUTE(SUBSTITUTE(SUBSTITUTE(SUBSTITUTE(SUBSTITUTE(SUBSTITUTE(SUBSTITUTE(SUBSTITUTE($AA29," ","")," ",""),"(주)",""),"（주）",""),"㈜",""),"주식회사",""),"(유)",""),"（유）",""),"유한회사","")) | AC29: =IF(OR($Y29="",N($Z29)<=0,$AB29=""),0,IFERROR(LOOKUP(2,1/((거래처별!$AC$8:$AC$307<>"")*ISNUMBER(SEARCH(거래처별!$AC$8:$AC$307,$AB29))),거래처별!$A$8:$A$307),IFERROR(LOOKUP(2,1/((거래처별!$AD$8:$AD$307<>"")*ISNUMBER(SEARCH(거래처별!$AD$8:$AD$307,$AB29))),거래처별!$A$8:$A$307),IFERROR(LOOKUP(2,1/((거래처별!$AE$8:$AE$307<>"")*ISNUMBER(SEARCH(거래처별!$AE$8:$AE$307,$AB29))),거래처별!$A$8:$A$307),0)))) | AD29: =IF(AND($Y29<>"",N($Z29)>0,$AC29=0),MAX($AD$7:$AD28)+1,"") | AE29: =IF($Y29="",0,$Y29)
... W2007: =IF(OR($B$5="",$C$6="",ROW()<$B$5),"",IF(INDEX($A:$U,ROW(),$C$6)="","",INDEX($A:$U,ROW(),$C$6))) | X2007: =IF($W2007="","",IF(ISNUMBER($W2007),IF($W2007>=10000000,IFERROR(DATE(INT($W2007/10000),MOD(INT($W2007/100),100),MOD($W2007,100)),""),INT($W2007)),IFERROR(DATE(--LEFT(LEFT(SUBSTITUTE(SUBSTITUTE(SUBSTITUTE(SUBSTITUTE(TRIM($W2007),"-",""),".",""),"/","")," ",""),8),4),--MID(LEFT(SUBSTITUTE(SUBSTITUTE(SUBSTITUTE(SUBSTITUTE(TRIM($W2007),"-",""),".",""),"/","")," ",""),8),5,2),--MID(LEFT(SUBSTITUTE(SUBSTITUTE(SUBSTITUTE(SUBSTITUTE(TRIM($W2007),"-",""),".",""),"/","")," ",""),8),7,2)),""))) | Y2007: =IF($X2007="","",INT($X2007)) | Z2007: =IF(OR($Y2007="",$D$6=""),"",IF(INDEX($A:$U,ROW(),$D$6)="",0,IF(ISNUMBER(INDEX($A:$U,ROW(),$D$6)),INDEX($A:$U,ROW(),$D$6),IFERROR(--SUBSTITUTE(SUBSTITUTE(TRIM(INDEX($A:$U,ROW(),$D$6)),",",""),"원",""),0)))) | AA2007: =IF($Y2007="","",TRIM(INDEX($A:$U,ROW(),$E$6)&IF($F$6="",""," "&INDEX($A:$U,ROW(),$F$6)))) | AB2007: =IF($AA2007="","",SUBSTITUTE(SUBSTITUTE(SUBSTITUTE(SUBSTITUTE(SUBSTITUTE(SUBSTITUTE(SUBSTITUTE(SUBSTITUTE(SUBSTITUTE($AA2007," ","")," ",""),"(주)",""),"（주）",""),"㈜",""),"주식회사",""),"(유)",""),"（유）",""),"유한회사","")) | AC2007: =IF(OR($Y2007="",N($Z2007)<=0,$AB2007=""),0,IFERROR(LOOKUP(2,1/((거래처별!$AC$8:$AC$307<>"")*ISNUMBER(SEARCH(거래처별!$AC$8:$AC$307,$AB2007))),거래처별!$A$8:$A$307),IFERROR(LOOKUP(2,1/((거래처별!$AD$8:$AD$307<>"")*ISNUMBER(SEARCH(거래처별!$AD$8:$AD$307,$AB2007))),거래처별!$A$8:$A$307),IFERROR(LOOKUP(2,1/((거래처별!$AE$8:$AE$307<>"")*ISNUMBER(SEARCH(거래처별!$AE$8:$AE$307,$AB2007))),거래처별!$A$8:$A$307),0)))) | AD2007: =IF(AND($Y2007<>"",N($Z2007)>0,$AC2007=0),MAX($AD$7:$AD2006)+1,"") | AE2007: =IF($Y2007="",0,$Y2007)

Sheet 입금_은행2
A1: 입금_은행2 — 은행 입금내역 붙여넣기 (2번째 계좌, 선택)
A2: ✍ 직접 입력: 은행(인터넷뱅킹)에서 내려받은 거래내역 엑셀을 A8 셀부터 통째로 붙여넣고, 5행 노란 칸에 데이터 시작 행과 날짜·입금·보낸 분(내용) 열을 확인하세요. 입금·출금이 섞여 있어도 됩니다.
A3: ⚙ 자동 계산: W~AE열 회색 수식 — 수정 금지. 오른쪽 '인식 결과'가 ✔로 뜨면 성공. 처음 쓸 때: 8행 아래 예시를 전체 선택 → Delete 로 먼저 지우세요. 은행이 한 곳뿐이면 쓰지 않는 쪽은 비워 두세요.
A4: 은행·계좌 이름 | B4: 데이터 시작 행 | C4: 날짜 열 | D4: 입금 열 | E4: 보낸 분·내용 열 1 | F4: 내용 열 2 (선택) | H4: 인식 결과 (자동)
A5: 새나라은행 보통예금 (예시) | B5: 9 | C5: A | D5: E | E5: C | F5: B | H5: =IF(COUNT($Y$8:$Y$2007)=0,"비어 있음 (또는 아직 인식된 거래가 없습니다 — 붙여넣기와 열 설정을 확인하세요)","✔ 거래 "&COUNT($Y$8:$Y$2007)&"건 · 입금 "&COUNTIF($Z$8:$Z$2007,">0")&"건 "&TEXT(SUMIF($Z$8:$Z$2007,">0"),"#,##0")&"원 · 거래처로 매칭 "&COUNTIF($AC$8:$AC$2007,">0")&"건 / 미매칭 "&COUNT($AD$8:$AD$2007)&"건")
A6: ▼ 8행(A8 셀)부터 붙여넣기 | C6: =IF($C$5="","",IF(LEN(TRIM($C$5))=1,CODE(UPPER(TRIM($C$5)))-64,(CODE(UPPER(LEFT(TRIM($C$5),1)))-64)*26+CODE(UPPER(RIGHT(TRIM($C$5),1)))-64)) | D6: =IF($D$5="","",IF(LEN(TRIM($D$5))=1,CODE(UPPER(TRIM($D$5)))-64,(CODE(UPPER(LEFT(TRIM($D$5),1)))-64)*26+CODE(UPPER(RIGHT(TRIM($D$5),1)))-64)) | E6: =IF($E$5="","",IF(LEN(TRIM($E$5))=1,CODE(UPPER(TRIM($E$5)))-64,(CODE(UPPER(LEFT(TRIM($E$5),1)))-64)*26+CODE(UPPER(RIGHT(TRIM($E$5),1)))-64)) | F6: =IF($F$5="","",IF(LEN(TRIM($F$5))=1,CODE(UPPER(TRIM($F$5)))-64,(CODE(UPPER(LEFT(TRIM($F$5),1)))-64)*26+CODE(UPPER(RIGHT(TRIM($F$5),1)))-64)) | H6: =IF(COUNTIF($A$8:$U$2007,"*가상예시*")>0,"⚠ 예시 데이터 "&COUNTIF($A$8:$U$2007,"*가상예시*")&"줄이 남아 있습니다 — 지우고 쓰세요 (8행 아래 전체 선택 → Delete)","")
W7: 원본날짜(자동) | X7: 거래일(자동) | Y7: 날짜(자동) | Z7: 입금액(자동) | AA7: 내용 원문(자동) | AB7: 내용 정리(자동) | AC7: 거래처번호(자동) | AD7: 미매칭순번(자동) | AE7: 날짜수치(자동)
A8: 거래일시 | B8: 적요 | C8: 보낸분/받는분 | D8: 출금액 | E8: 입금액 | F8: 잔액 | G8: 메모 | W8: =IF(OR($B$5="",$C$6="",ROW()<$B$5),"",IF(INDEX($A:$U,ROW(),$C$6)="","",INDEX($A:$U,ROW(),$C$6))) | X8: =IF($W8="","",IF(ISNUMBER($W8),IF($W8>=10000000,IFERROR(DATE(INT($W8/10000),MOD(INT($W8/100),100),MOD($W8,100)),""),INT($W8)),IFERROR(DATE(--LEFT(LEFT(SUBSTITUTE(SUBSTITUTE(SUBSTITUTE(SUBSTITUTE(TRIM($W8),"-",""),".",""),"/","")," ",""),8),4),--MID(LEFT(SUBSTITUTE(SUBSTITUTE(SUBSTITUTE(SUBSTITUTE(TRIM($W8),"-",""),".",""),"/","")," ",""),8),5,2),--MID(LEFT(SUBSTITUTE(SUBSTITUTE(SUBSTITUTE(SUBSTITUTE(TRIM($W8),"-",""),".",""),"/","")," ",""),8),7,2)),""))) | Y8: =IF($X8="","",INT($X8)) | Z8: =IF(OR($Y8="",$D$6=""),"",IF(INDEX($A:$U,ROW(),$D$6)="",0,IF(ISNUMBER(INDEX($A:$U,ROW(),$D$6)),INDEX($A:$U,ROW(),$D$6),IFERROR(--SUBSTITUTE(SUBSTITUTE(TRIM(INDEX($A:$U,ROW(),$D$6)),",",""),"원",""),0)))) | AA8: =IF($Y8="","",TRIM(INDEX($A:$U,ROW(),$E$6)&IF($F$6="",""," "&INDEX($A:$U,ROW(),$F$6)))) | AB8: =IF($AA8="","",SUBSTITUTE(SUBSTITUTE(SUBSTITUTE(SUBSTITUTE(SUBSTITUTE(SUBSTITUTE(SUBSTITUTE(SUBSTITUTE(SUBSTITUTE($AA8," ","")," ",""),"(주)",""),"（주）",""),"㈜",""),"주식회사",""),"(유)",""),"（유）",""),"유한회사","")) | AC8: =IF(OR($Y8="",N($Z8)<=0,$AB8=""),0,IFERROR(LOOKUP(2,1/((거래처별!$AC$8:$AC$307<>"")*ISNUMBER(SEARCH(거래처별!$AC$8:$AC$307,$AB8))),거래처별!$A$8:$A$307),IFERROR(LOOKUP(2,1/((거래처별!$AD$8:$AD$307<>"")*ISNUMBER(SEARCH(거래처별!$AD$8:$AD$307,$AB8))),거래처별!$A$8:$A$307),IFERROR(LOOKUP(2,1/((거래처별!$AE$8:$AE$307<>"")*ISNUMBER(SEARCH(거래처별!$AE$8:$AE$307,$AB8))),거래처별!$A$8:$A$307),0)))) | AD8: =IF(AND($Y8<>"",N($Z8)>0,$AC8=0),MAX($AD$7:$AD7)+1,"") | AE8: =IF($Y8="",0,$Y8)
A9: 2026-06-10 09:12:00 | B9: 타행이체 | C9: 한결건설 | E9: 3300000 | F9: 1 | G9: 가상예시 | W9: =IF(OR($B$5="",$C$6="",ROW()<$B$5),"",IF(INDEX($A:$U,ROW(),$C$6)="","",INDEX($A:$U,ROW(),$C$6))) | X9: =IF($W9="","",IF(ISNUMBER($W9),IF($W9>=10000000,IFERROR(DATE(INT($W9/10000),MOD(INT($W9/100),100),MOD($W9,100)),""),INT($W9)),IFERROR(DATE(--LEFT(LEFT(SUBSTITUTE(SUBSTITUTE(SUBSTITUTE(SUBSTITUTE(TRIM($W9),"-",""),".",""),"/","")," ",""),8),4),--MID(LEFT(SUBSTITUTE(SUBSTITUTE(SUBSTITUTE(SUBSTITUTE(TRIM($W9),"-",""),".",""),"/","")," ",""),8),5,2),--MID(LEFT(SUBSTITUTE(SUBSTITUTE(SUBSTITUTE(SUBSTITUTE(TRIM($W9),"-",""),".",""),"/","")," ",""),8),7,2)),""))) | Y9: =IF($X9="","",INT($X9)) | Z9: =IF(OR($Y9="",$D$6=""),"",IF(INDEX($A:$U,ROW(),$D$6)="",0,IF(ISNUMBER(INDEX($A:$U,ROW(),$D$6)),INDEX($A:$U,ROW(),$D$6),IFERROR(--SUBSTITUTE(SUBSTITUTE(TRIM(INDEX($A:$U,ROW(),$D$6)),",",""),"원",""),0)))) | AA9: =IF($Y9="","",TRIM(INDEX($A:$U,ROW(),$E$6)&IF($F$6="",""," "&INDEX($A:$U,ROW(),$F$6)))) | AB9: =IF($AA9="","",SUBSTITUTE(SUBSTITUTE(SUBSTITUTE(SUBSTITUTE(SUBSTITUTE(SUBSTITUTE(SUBSTITUTE(SUBSTITUTE(SUBSTITUTE($AA9," ","")," ",""),"(주)",""),"（주）",""),"㈜",""),"주식회사",""),"(유)",""),"（유）",""),"유한회사","")) | AC9: =IF(OR($Y9="",N($Z9)<=0,$AB9=""),0,IFERROR(LOOKUP(2,1/((거래처별!$AC$8:$AC$307<>"")*ISNUMBER(SEARCH(거래처별!$AC$8:$AC$307,$AB9))),거래처별!$A$8:$A$307),IFERROR(LOOKUP(2,1/((거래처별!$AD$8:$AD$307<>"")*ISNUMBER(SEARCH(거래처별!$AD$8:$AD$307,$AB9))),거래처별!$A$8:$A$307),IFERROR(LOOKUP(2,1/((거래처별!$AE$8:$AE$307<>"")*ISNUMBER(SEARCH(거래처별!$AE$8:$AE$307,$AB9))),거래처별!$A$8:$A$307),0)))) | AD9: =IF(AND($Y9<>"",N($Z9)>0,$AC9=0),MAX($AD$7:$AD8)+1,"") | AE9: =IF($Y9="",0,$Y9)
A10: 2026-08-01 10:30:00 | B10: 타행이체 | C10: 한결건설 | E10: 2000000 | F10: 1 | G10: 가상예시 | W10: =IF(OR($B$5="",$C$6="",ROW()<$B$5),"",IF(INDEX($A:$U,ROW(),$C$6)="","",INDEX($A:$U,ROW(),$C$6))) | X10: =IF($W10="","",IF(ISNUMBER($W10),IF($W10>=10000000,IFERROR(DATE(INT($W10/10000),MOD(INT($W10/100),100),MOD($W10,100)),""),INT($W10)),IFERROR(DATE(--LEFT(LEFT(SUBSTITUTE(SUBSTITUTE(SUBSTITUTE(SUBSTITUTE(TRIM($W10),"-",""),".",""),"/","")," ",""),8),4),--MID(LEFT(SUBSTITUTE(SUBSTITUTE(SUBSTITUTE(SUBSTITUTE(TRIM($W10),"-",""),".",""),"/","")," ",""),8),5,2),--MID(LEFT(SUBSTITUTE(SUBSTITUTE(SUBSTITUTE(SUBSTITUTE(TRIM($W10),"-",""),".",""),"/","")," ",""),8),7,2)),""))) | Y10: =IF($X10="","",INT($X10)) | Z10: =IF(OR($Y10="",$D$6=""),"",IF(INDEX($A:$U,ROW(),$D$6)="",0,IF(ISNUMBER(INDEX($A:$U,ROW(),$D$6)),INDEX($A:$U,ROW(),$D$6),IFERROR(--SUBSTITUTE(SUBSTITUTE(TRIM(INDEX($A:$U,ROW(),$D$6)),",",""),"원",""),0)))) | AA10: =IF($Y10="","",TRIM(INDEX($A:$U,ROW(),$E$6)&IF($F$6="",""," "&INDEX($A:$U,ROW(),$F$6)))) | AB10: =IF($AA10="","",SUBSTITUTE(SUBSTITUTE(SUBSTITUTE(SUBSTITUTE(SUBSTITUTE(SUBSTITUTE(SUBSTITUTE(SUBSTITUTE(SUBSTITUTE($AA10," ","")," ",""),"(주)",""),"（주）",""),"㈜",""),"주식회사",""),"(유)",""),"（유）",""),"유한회사","")) | AC10: =IF(OR($Y10="",N($Z10)<=0,$AB10=""),0,IFERROR(LOOKUP(2,1/((거래처별!$AC$8:$AC$307<>"")*ISNUMBER(SEARCH(거래처별!$AC$8:$AC$307,$AB10))),거래처별!$A$8:$A$307),IFERROR(LOOKUP(2,1/((거래처별!$AD$8:$AD$307<>"")*ISNUMBER(SEARCH(거래처별!$AD$8:$AD$307,$AB10))),거래처별!$A$8:$A$307),IFERROR(LOOKUP(2,1/((거래처별!$AE$8:$AE$307<>"")*ISNUMBER(SEARCH(거래처별!$AE$8:$AE$307,$AB10))),거래처별!$A$8:$A$307),0)))) | AD10: =IF(AND($Y10<>"",N($Z10)>0,$AC10=0),MAX($AD$7:$AD9)+1,"") | AE10: =IF($Y10="",0,$Y10)
A11: 2026-08-20 14:02:00 | B11: 타행이체 | C11: 김다온 | E11: 5000000 | F11: 1 | G11: 가상예시 | W11: =IF(OR($B$5="",$C$6="",ROW()<$B$5),"",IF(INDEX($A:$U,ROW(),$C$6)="","",INDEX($A:$U,ROW(),$C$6))) | X11: =IF($W11="","",IF(ISNUMBER($W11),IF($W11>=10000000,IFERROR(DATE(INT($W11/10000),MOD(INT($W11/100),100),MOD($W11,100)),""),INT($W11)),IFERROR(DATE(--LEFT(LEFT(SUBSTITUTE(SUBSTITUTE(SUBSTITUTE(SUBSTITUTE(TRIM($W11),"-",""),".",""),"/","")," ",""),8),4),--MID(LEFT(SUBSTITUTE(SUBSTITUTE(SUBSTITUTE(SUBSTITUTE(TRIM($W11),"-",""),".",""),"/","")," ",""),8),5,2),--MID(LEFT(SUBSTITUTE(SUBSTITUTE(SUBSTITUTE(SUBSTITUTE(TRIM($W11),"-",""),".",""),"/","")," ",""),8),7,2)),""))) | Y11: =IF($X11="","",INT($X11)) | Z11: =IF(OR($Y11="",$D$6=""),"",IF(INDEX($A:$U,ROW(),$D$6)="",0,IF(ISNUMBER(INDEX($A:$U,ROW(),$D$6)),INDEX($A:$U,ROW(),$D$6),IFERROR(--SUBSTITUTE(SUBSTITUTE(TRIM(INDEX($A:$U,ROW(),$D$6)),",",""),"원",""),0)))) | AA11: =IF($Y11="","",TRIM(INDEX($A:$U,ROW(),$E$6)&IF($F$6="",""," "&INDEX($A:$U,ROW(),$F$6)))) | AB11: =IF($AA11="","",SUBSTITUTE(SUBSTITUTE(SUBSTITUTE(SUBSTITUTE(SUBSTITUTE(SUBSTITUTE(SUBSTITUTE(SUBSTITUTE(SUBSTITUTE($AA11," ","")," ",""),"(주)",""),"（주）",""),"㈜",""),"주식회사",""),"(유)",""),"（유）",""),"유한회사","")) | AC11: =IF(OR($Y11="",N($Z11)<=0,$AB11=""),0,IFERROR(LOOKUP(2,1/((거래처별!$AC$8:$AC$307<>"")*ISNUMBER(SEARCH(거래처별!$AC$8:$AC$307,$AB11))),거래처별!$A$8:$A$307),IFERROR(LOOKUP(2,1/((거래처별!$AD$8:$AD$307<>"")*ISNUMBER(SEARCH(거래처별!$AD$8:$AD$307,$AB11))),거래처별!$A$8:$A$307),IFERROR(LOOKUP(2,1/((거래처별!$AE$8:$AE$307<>"")*ISNUMBER(SEARCH(거래처별!$AE$8:$AE$307,$AB11))),거래처별!$A$8:$A$307),0)))) | AD11: =IF(AND($Y11<>"",N($Z11)>0,$AC11=0),MAX($AD$7:$AD10)+1,"") | AE11: =IF($Y11="",0,$Y11)
A12: 2026-09-30 11:00:00 | B12: 이자 | C12: 예금이자 | E12: 12000 | F12: 1 | G12: 가상예시 | W12: =IF(OR($B$5="",$C$6="",ROW()<$B$5),"",IF(INDEX($A:$U,ROW(),$C$6)="","",INDEX($A:$U,ROW(),$C$6))) | X12: =IF($W12="","",IF(ISNUMBER($W12),IF($W12>=10000000,IFERROR(DATE(INT($W12/10000),MOD(INT($W12/100),100),MOD($W12,100)),""),INT($W12)),IFERROR(DATE(--LEFT(LEFT(SUBSTITUTE(SUBSTITUTE(SUBSTITUTE(SUBSTITUTE(TRIM($W12),"-",""),".",""),"/","")," ",""),8),4),--MID(LEFT(SUBSTITUTE(SUBSTITUTE(SUBSTITUTE(SUBSTITUTE(TRIM($W12),"-",""),".",""),"/","")," ",""),8),5,2),--MID(LEFT(SUBSTITUTE(SUBSTITUTE(SUBSTITUTE(SUBSTITUTE(TRIM($W12),"-",""),".",""),"/","")," ",""),8),7,2)),""))) | Y12: =IF($X12="","",INT($X12)) | Z12: =IF(OR($Y12="",$D$6=""),"",IF(INDEX($A:$U,ROW(),$D$6)="",0,IF(ISNUMBER(INDEX($A:$U,ROW(),$D$6)),INDEX($A:$U,ROW(),$D$6),IFERROR(--SUBSTITUTE(SUBSTITUTE(TRIM(INDEX($A:$U,ROW(),$D$6)),",",""),"원",""),0)))) | AA12: =IF($Y12="","",TRIM(INDEX($A:$U,ROW(),$E$6)&IF($F$6="",""," "&INDEX($A:$U,ROW(),$F$6)))) | AB12: =IF($AA12="","",SUBSTITUTE(SUBSTITUTE(SUBSTITUTE(SUBSTITUTE(SUBSTITUTE(SUBSTITUTE(SUBSTITUTE(SUBSTITUTE(SUBSTITUTE($AA12," ","")," ",""),"(주)",""),"（주）",""),"㈜",""),"주식회사",""),"(유)",""),"（유）",""),"유한회사","")) | AC12: =IF(OR($Y12="",N($Z12)<=0,$AB12=""),0,IFERROR(LOOKUP(2,1/((거래처별!$AC$8:$AC$307<>"")*ISNUMBER(SEARCH(거래처별!$AC$8:$AC$307,$AB12))),거래처별!$A$8:$A$307),IFERROR(LOOKUP(2,1/((거래처별!$AD$8:$AD$307<>"")*ISNUMBER(SEARCH(거래처별!$AD$8:$AD$307,$AB12))),거래처별!$A$8:$A$307),IFERROR(LOOKUP(2,1/((거래처별!$AE$8:$AE$307<>"")*ISNUMBER(SEARCH(거래처별!$AE$8:$AE$307,$AB12))),거래처별!$A$8:$A$307),0)))) | AD12: =IF(AND($Y12<>"",N($Z12)>0,$AC12=0),MAX($AD$7:$AD11)+1,"") | AE12: =IF($Y12="",0,$Y12)
A13: 2026-10-01 15:45:00 | B13: 타행이체 | C13: 누리소프트 | E13: 3000000 | F13: 1 | G13: 가상예시 | W13: =IF(OR($B$5="",$C$6="",ROW()<$B$5),"",IF(INDEX($A:$U,ROW(),$C$6)="","",INDEX($A:$U,ROW(),$C$6))) | X13: =IF($W13="","",IF(ISNUMBER($W13),IF($W13>=10000000,IFERROR(DATE(INT($W13/10000),MOD(INT($W13/100),100),MOD($W13,100)),""),INT($W13)),IFERROR(DATE(--LEFT(LEFT(SUBSTITUTE(SUBSTITUTE(SUBSTITUTE(SUBSTITUTE(TRIM($W13),"-",""),".",""),"/","")," ",""),8),4),--MID(LEFT(SUBSTITUTE(SUBSTITUTE(SUBSTITUTE(SUBSTITUTE(TRIM($W13),"-",""),".",""),"/","")," ",""),8),5,2),--MID(LEFT(SUBSTITUTE(SUBSTITUTE(SUBSTITUTE(SUBSTITUTE(TRIM($W13),"-",""),".",""),"/","")," ",""),8),7,2)),""))) | Y13: =IF($X13="","",INT($X13)) | Z13: =IF(OR($Y13="",$D$6=""),"",IF(INDEX($A:$U,ROW(),$D$6)="",0,IF(ISNUMBER(INDEX($A:$U,ROW(),$D$6)),INDEX($A:$U,ROW(),$D$6),IFERROR(--SUBSTITUTE(SUBSTITUTE(TRIM(INDEX($A:$U,ROW(),$D$6)),",",""),"원",""),0)))) | AA13: =IF($Y13="","",TRIM(INDEX($A:$U,ROW(),$E$6)&IF($F$6="",""," "&INDEX($A:$U,ROW(),$F$6)))) | AB13: =IF($AA13="","",SUBSTITUTE(SUBSTITUTE(SUBSTITUTE(SUBSTITUTE(SUBSTITUTE(SUBSTITUTE(SUBSTITUTE(SUBSTITUTE(SUBSTITUTE($AA13," ","")," ",""),"(주)",""),"（주）",""),"㈜",""),"주식회사",""),"(유)",""),"（유）",""),"유한회사","")) | AC13: =IF(OR($Y13="",N($Z13)<=0,$AB13=""),0,IFERROR(LOOKUP(2,1/((거래처별!$AC$8:$AC$307<>"")*ISNUMBER(SEARCH(거래처별!$AC$8:$AC$307,$AB13))),거래처별!$A$8:$A$307),IFERROR(LOOKUP(2,1/((거래처별!$AD$8:$AD$307<>"")*ISNUMBER(SEARCH(거래처별!$AD$8:$AD$307,$AB13))),거래처별!$A$8:$A$307),IFERROR(LOOKUP(2,1/((거래처별!$AE$8:$AE$307<>"")*ISNUMBER(SEARCH(거래처별!$AE$8:$AE$307,$AB13))),거래처별!$A$8:$A$307),0)))) | AD13: =IF(AND($Y13<>"",N($Z13)>0,$AC13=0),MAX($AD$7:$AD12)+1,"") | AE13: =IF($Y13="",0,$Y13)
A14: 2026-10-08 13:20:00 | B14: 타행이체 | C14: 바람테크 | E14: 1100000 | F14: 1 | G14: 가상예시 | W14: =IF(OR($B$5="",$C$6="",ROW()<$B$5),"",IF(INDEX($A:$U,ROW(),$C$6)="","",INDEX($A:$U,ROW(),$C$6))) | X14: =IF($W14="","",IF(ISNUMBER($W14),IF($W14>=10000000,IFERROR(DATE(INT($W14/10000),MOD(INT($W14/100),100),MOD($W14,100)),""),INT($W14)),IFERROR(DATE(--LEFT(LEFT(SUBSTITUTE(SUBSTITUTE(SUBSTITUTE(SUBSTITUTE(TRIM($W14),"-",""),".",""),"/","")," ",""),8),4),--MID(LEFT(SUBSTITUTE(SUBSTITUTE(SUBSTITUTE(SUBSTITUTE(TRIM($W14),"-",""),".",""),"/","")," ",""),8),5,2),--MID(LEFT(SUBSTITUTE(SUBSTITUTE(SUBSTITUTE(SUBSTITUTE(TRIM($W14),"-",""),".",""),"/","")," ",""),8),7,2)),""))) | Y14: =IF($X14="","",INT($X14)) | Z14: =IF(OR($Y14="",$D$6=""),"",IF(INDEX($A:$U,ROW(),$D$6)="",0,IF(ISNUMBER(INDEX($A:$U,ROW(),$D$6)),INDEX($A:$U,ROW(),$D$6),IFERROR(--SUBSTITUTE(SUBSTITUTE(TRIM(INDEX($A:$U,ROW(),$D$6)),",",""),"원",""),0)))) | AA14: =IF($Y14="","",TRIM(INDEX($A:$U,ROW(),$E$6)&IF($F$6="",""," "&INDEX($A:$U,ROW(),$F$6)))) | AB14: =IF($AA14="","",SUBSTITUTE(SUBSTITUTE(SUBSTITUTE(SUBSTITUTE(SUBSTITUTE(SUBSTITUTE(SUBSTITUTE(SUBSTITUTE(SUBSTITUTE($AA14," ","")," ",""),"(주)",""),"（주）",""),"㈜",""),"주식회사",""),"(유)",""),"（유）",""),"유한회사","")) | AC14: =IF(OR($Y14="",N($Z14)<=0,$AB14=""),0,IFERROR(LOOKUP(2,1/((거래처별!$AC$8:$AC$307<>"")*ISNUMBER(SEARCH(거래처별!$AC$8:$AC$307,$AB14))),거래처별!$A$8:$A$307),IFERROR(LOOKUP(2,1/((거래처별!$AD$8:$AD$307<>"")*ISNUMBER(SEARCH(거래처별!$AD$8:$AD$307,$AB14))),거래처별!$A$8:$A$307),IFERROR(LOOKUP(2,1/((거래처별!$AE$8:$AE$307<>"")*ISNUMBER(SEARCH(거래처별!$AE$8:$AE$307,$AB14))),거래처별!$A$8:$A$307),0)))) | AD14: =IF(AND($Y14<>"",N($Z14)>0,$AC14=0),MAX($AD$7:$AD13)+1,"") | AE14: =IF($Y14="",0,$Y14)
A15: 2026-10-10 16:10:00 | B15: 타행이체 | C15: 새봄 유통 | E15: 1000000 | F15: 1 | G15: 가상예시 | W15: =IF(OR($B$5="",$C$6="",ROW()<$B$5),"",IF(INDEX($A:$U,ROW(),$C$6)="","",INDEX($A:$U,ROW(),$C$6))) | X15: =IF($W15="","",IF(ISNUMBER($W15),IF($W15>=10000000,IFERROR(DATE(INT($W15/10000),MOD(INT($W15/100),100),MOD($W15,100)),""),INT($W15)),IFERROR(DATE(--LEFT(LEFT(SUBSTITUTE(SUBSTITUTE(SUBSTITUTE(SUBSTITUTE(TRIM($W15),"-",""),".",""),"/","")," ",""),8),4),--MID(LEFT(SUBSTITUTE(SUBSTITUTE(SUBSTITUTE(SUBSTITUTE(TRIM($W15),"-",""),".",""),"/","")," ",""),8),5,2),--MID(LEFT(SUBSTITUTE(SUBSTITUTE(SUBSTITUTE(SUBSTITUTE(TRIM($W15),"-",""),".",""),"/","")," ",""),8),7,2)),""))) | Y15: =IF($X15="","",INT($X15)) | Z15: =IF(OR($Y15="",$D$6=""),"",IF(INDEX($A:$U,ROW(),$D$6)="",0,IF(ISNUMBER(INDEX($A:$U,ROW(),$D$6)),INDEX($A:$U,ROW(),$D$6),IFERROR(--SUBSTITUTE(SUBSTITUTE(TRIM(INDEX($A:$U,ROW(),$D$6)),",",""),"원",""),0)))) | AA15: =IF($Y15="","",TRIM(INDEX($A:$U,ROW(),$E$6)&IF($F$6="",""," "&INDEX($A:$U,ROW(),$F$6)))) | AB15: =IF($AA15="","",SUBSTITUTE(SUBSTITUTE(SUBSTITUTE(SUBSTITUTE(SUBSTITUTE(SUBSTITUTE(SUBSTITUTE(SUBSTITUTE(SUBSTITUTE($AA15," ","")," ",""),"(주)",""),"（주）",""),"㈜",""),"주식회사",""),"(유)",""),"（유）",""),"유한회사","")) | AC15: =IF(OR($Y15="",N($Z15)<=0,$AB15=""),0,IFERROR(LOOKUP(2,1/((거래처별!$AC$8:$AC$307<>"")*ISNUMBER(SEARCH(거래처별!$AC$8:$AC$307,$AB15))),거래처별!$A$8:$A$307),IFERROR(LOOKUP(2,1/((거래처별!$AD$8:$AD$307<>"")*ISNUMBER(SEARCH(거래처별!$AD$8:$AD$307,$AB15))),거래처별!$A$8:$A$307),IFERROR(LOOKUP(2,1/((거래처별!$AE$8:$AE$307<>"")*ISNUMBER(SEARCH(거래처별!$AE$8:$AE$307,$AB15))),거래처별!$A$8:$A$307),0)))) | AD15: =IF(AND($Y15<>"",N($Z15)>0,$AC15=0),MAX($AD$7:$AD14)+1,"") | AE15: =IF($Y15="",0,$Y15)
W16: =IF(OR($B$5="",$C$6="",ROW()<$B$5),"",IF(INDEX($A:$U,ROW(),$C$6)="","",INDEX($A:$U,ROW(),$C$6))) | X16: =IF($W16="","",IF(ISNUMBER($W16),IF($W16>=10000000,IFERROR(DATE(INT($W16/10000),MOD(INT($W16/100),100),MOD($W16,100)),""),INT($W16)),IFERROR(DATE(--LEFT(LEFT(SUBSTITUTE(SUBSTITUTE(SUBSTITUTE(SUBSTITUTE(TRIM($W16),"-",""),".",""),"/","")," ",""),8),4),--MID(LEFT(SUBSTITUTE(SUBSTITUTE(SUBSTITUTE(SUBSTITUTE(TRIM($W16),"-",""),".",""),"/","")," ",""),8),5,2),--MID(LEFT(SUBSTITUTE(SUBSTITUTE(SUBSTITUTE(SUBSTITUTE(TRIM($W16),"-",""),".",""),"/","")," ",""),8),7,2)),""))) | Y16: =IF($X16="","",INT($X16)) | Z16: =IF(OR($Y16="",$D$6=""),"",IF(INDEX($A:$U,ROW(),$D$6)="",0,IF(ISNUMBER(INDEX($A:$U,ROW(),$D$6)),INDEX($A:$U,ROW(),$D$6),IFERROR(--SUBSTITUTE(SUBSTITUTE(TRIM(INDEX($A:$U,ROW(),$D$6)),",",""),"원",""),0)))) | AA16: =IF($Y16="","",TRIM(INDEX($A:$U,ROW(),$E$6)&IF($F$6="",""," "&INDEX($A:$U,ROW(),$F$6)))) | AB16: =IF($AA16="","",SUBSTITUTE(SUBSTITUTE(SUBSTITUTE(SUBSTITUTE(SUBSTITUTE(SUBSTITUTE(SUBSTITUTE(SUBSTITUTE(SUBSTITUTE($AA16," ","")," ",""),"(주)",""),"（주）",""),"㈜",""),"주식회사",""),"(유)",""),"（유）",""),"유한회사","")) | AC16: =IF(OR($Y16="",N($Z16)<=0,$AB16=""),0,IFERROR(LOOKUP(2,1/((거래처별!$AC$8:$AC$307<>"")*ISNUMBER(SEARCH(거래처별!$AC$8:$AC$307,$AB16))),거래처별!$A$8:$A$307),IFERROR(LOOKUP(2,1/((거래처별!$AD$8:$AD$307<>"")*ISNUMBER(SEARCH(거래처별!$AD$8:$AD$307,$AB16))),거래처별!$A$8:$A$307),IFERROR(LOOKUP(2,1/((거래처별!$AE$8:$AE$307<>"")*ISNUMBER(SEARCH(거래처별!$AE$8:$AE$307,$AB16))),거래처별!$A$8:$A$307),0)))) | AD16: =IF(AND($Y16<>"",N($Z16)>0,$AC16=0),MAX($AD$7:$AD15)+1,"") | AE16: =IF($Y16="",0,$Y16)
W17: =IF(OR($B$5="",$C$6="",ROW()<$B$5),"",IF(INDEX($A:$U,ROW(),$C$6)="","",INDEX($A:$U,ROW(),$C$6))) | X17: =IF($W17="","",IF(ISNUMBER($W17),IF($W17>=10000000,IFERROR(DATE(INT($W17/10000),MOD(INT($W17/100),100),MOD($W17,100)),""),INT($W17)),IFERROR(DATE(--LEFT(LEFT(SUBSTITUTE(SUBSTITUTE(SUBSTITUTE(SUBSTITUTE(TRIM($W17),"-",""),".",""),"/","")," ",""),8),4),--MID(LEFT(SUBSTITUTE(SUBSTITUTE(SUBSTITUTE(SUBSTITUTE(TRIM($W17),"-",""),".",""),"/","")," ",""),8),5,2),--MID(LEFT(SUBSTITUTE(SUBSTITUTE(SUBSTITUTE(SUBSTITUTE(TRIM($W17),"-",""),".",""),"/","")," ",""),8),7,2)),""))) | Y17: =IF($X17="","",INT($X17)) | Z17: =IF(OR($Y17="",$D$6=""),"",IF(INDEX($A:$U,ROW(),$D$6)="",0,IF(ISNUMBER(INDEX($A:$U,ROW(),$D$6)),INDEX($A:$U,ROW(),$D$6),IFERROR(--SUBSTITUTE(SUBSTITUTE(TRIM(INDEX($A:$U,ROW(),$D$6)),",",""),"원",""),0)))) | AA17: =IF($Y17="","",TRIM(INDEX($A:$U,ROW(),$E$6)&IF($F$6="",""," "&INDEX($A:$U,ROW(),$F$6)))) | AB17: =IF($AA17="","",SUBSTITUTE(SUBSTITUTE(SUBSTITUTE(SUBSTITUTE(SUBSTITUTE(SUBSTITUTE(SUBSTITUTE(SUBSTITUTE(SUBSTITUTE($AA17," ","")," ",""),"(주)",""),"（주）",""),"㈜",""),"주식회사",""),"(유)",""),"（유）",""),"유한회사","")) | AC17: =IF(OR($Y17="",N($Z17)<=0,$AB17=""),0,IFERROR(LOOKUP(2,1/((거래처별!$AC$8:$AC$307<>"")*ISNUMBER(SEARCH(거래처별!$AC$8:$AC$307,$AB17))),거래처별!$A$8:$A$307),IFERROR(LOOKUP(2,1/((거래처별!$AD$8:$AD$307<>"")*ISNUMBER(SEARCH(거래처별!$AD$8:$AD$307,$AB17))),거래처별!$A$8:$A$307),IFERROR(LOOKUP(2,1/((거래처별!$AE$8:$AE$307<>"")*ISNUMBER(SEARCH(거래처별!$AE$8:$AE$307,$AB17))),거래처별!$A$8:$A$307),0)))) | AD17: =IF(AND($Y17<>"",N($Z17)>0,$AC17=0),MAX($AD$7:$AD16)+1,"") | AE17: =IF($Y17="",0,$Y17)
W18: =IF(OR($B$5="",$C$6="",ROW()<$B$5),"",IF(INDEX($A:$U,ROW(),$C$6)="","",INDEX($A:$U,ROW(),$C$6))) | X18: =IF($W18="","",IF(ISNUMBER($W18),IF($W18>=10000000,IFERROR(DATE(INT($W18/10000),MOD(INT($W18/100),100),MOD($W18,100)),""),INT($W18)),IFERROR(DATE(--LEFT(LEFT(SUBSTITUTE(SUBSTITUTE(SUBSTITUTE(SUBSTITUTE(TRIM($W18),"-",""),".",""),"/","")," ",""),8),4),--MID(LEFT(SUBSTITUTE(SUBSTITUTE(SUBSTITUTE(SUBSTITUTE(TRIM($W18),"-",""),".",""),"/","")," ",""),8),5,2),--MID(LEFT(SUBSTITUTE(SUBSTITUTE(SUBSTITUTE(SUBSTITUTE(TRIM($W18),"-",""),".",""),"/","")," ",""),8),7,2)),""))) | Y18: =IF($X18="","",INT($X18)) | Z18: =IF(OR($Y18="",$D$6=""),"",IF(INDEX($A:$U,ROW(),$D$6)="",0,IF(ISNUMBER(INDEX($A:$U,ROW(),$D$6)),INDEX($A:$U,ROW(),$D$6),IFERROR(--SUBSTITUTE(SUBSTITUTE(TRIM(INDEX($A:$U,ROW(),$D$6)),",",""),"원",""),0)))) | AA18: =IF($Y18="","",TRIM(INDEX($A:$U,ROW(),$E$6)&IF($F$6="",""," "&INDEX($A:$U,ROW(),$F$6)))) | AB18: =IF($AA18="","",SUBSTITUTE(SUBSTITUTE(SUBSTITUTE(SUBSTITUTE(SUBSTITUTE(SUBSTITUTE(SUBSTITUTE(SUBSTITUTE(SUBSTITUTE($AA18," ","")," ",""),"(주)",""),"（주）",""),"㈜",""),"주식회사",""),"(유)",""),"（유）",""),"유한회사","")) | AC18: =IF(OR($Y18="",N($Z18)<=0,$AB18=""),0,IFERROR(LOOKUP(2,1/((거래처별!$AC$8:$AC$307<>"")*ISNUMBER(SEARCH(거래처별!$AC$8:$AC$307,$AB18))),거래처별!$A$8:$A$307),IFERROR(LOOKUP(2,1/((거래처별!$AD$8:$AD$307<>"")*ISNUMBER(SEARCH(거래처별!$AD$8:$AD$307,$AB18))),거래처별!$A$8:$A$307),IFERROR(LOOKUP(2,1/((거래처별!$AE$8:$AE$307<>"")*ISNUMBER(SEARCH(거래처별!$AE$8:$AE$307,$AB18))),거래처별!$A$8:$A$307),0)))) | AD18: =IF(AND($Y18<>"",N($Z18)>0,$AC18=0),MAX($AD$7:$AD17)+1,"") | AE18: =IF($Y18="",0,$Y18)
W19: =IF(OR($B$5="",$C$6="",ROW()<$B$5),"",IF(INDEX($A:$U,ROW(),$C$6)="","",INDEX($A:$U,ROW(),$C$6))) | X19: =IF($W19="","",IF(ISNUMBER($W19),IF($W19>=10000000,IFERROR(DATE(INT($W19/10000),MOD(INT($W19/100),100),MOD($W19,100)),""),INT($W19)),IFERROR(DATE(--LEFT(LEFT(SUBSTITUTE(SUBSTITUTE(SUBSTITUTE(SUBSTITUTE(TRIM($W19),"-",""),".",""),"/","")," ",""),8),4),--MID(LEFT(SUBSTITUTE(SUBSTITUTE(SUBSTITUTE(SUBSTITUTE(TRIM($W19),"-",""),".",""),"/","")," ",""),8),5,2),--MID(LEFT(SUBSTITUTE(SUBSTITUTE(SUBSTITUTE(SUBSTITUTE(TRIM($W19),"-",""),".",""),"/","")," ",""),8),7,2)),""))) | Y19: =IF($X19="","",INT($X19)) | Z19: =IF(OR($Y19="",$D$6=""),"",IF(INDEX($A:$U,ROW(),$D$6)="",0,IF(ISNUMBER(INDEX($A:$U,ROW(),$D$6)),INDEX($A:$U,ROW(),$D$6),IFERROR(--SUBSTITUTE(SUBSTITUTE(TRIM(INDEX($A:$U,ROW(),$D$6)),",",""),"원",""),0)))) | AA19: =IF($Y19="","",TRIM(INDEX($A:$U,ROW(),$E$6)&IF($F$6="",""," "&INDEX($A:$U,ROW(),$F$6)))) | AB19: =IF($AA19="","",SUBSTITUTE(SUBSTITUTE(SUBSTITUTE(SUBSTITUTE(SUBSTITUTE(SUBSTITUTE(SUBSTITUTE(SUBSTITUTE(SUBSTITUTE($AA19," ","")," ",""),"(주)",""),"（주）",""),"㈜",""),"주식회사",""),"(유)",""),"（유）",""),"유한회사","")) | AC19: =IF(OR($Y19="",N($Z19)<=0,$AB19=""),0,IFERROR(LOOKUP(2,1/((거래처별!$AC$8:$AC$307<>"")*ISNUMBER(SEARCH(거래처별!$AC$8:$AC$307,$AB19))),거래처별!$A$8:$A$307),IFERROR(LOOKUP(2,1/((거래처별!$AD$8:$AD$307<>"")*ISNUMBER(SEARCH(거래처별!$AD$8:$AD$307,$AB19))),거래처별!$A$8:$A$307),IFERROR(LOOKUP(2,1/((거래처별!$AE$8:$AE$307<>"")*ISNUMBER(SEARCH(거래처별!$AE$8:$AE$307,$AB19))),거래처별!$A$8:$A$307),0)))) | AD19: =IF(AND($Y19<>"",N($Z19)>0,$AC19=0),MAX($AD$7:$AD18)+1,"") | AE19: =IF($Y19="",0,$Y19)
W20: =IF(OR($B$5="",$C$6="",ROW()<$B$5),"",IF(INDEX($A:$U,ROW(),$C$6)="","",INDEX($A:$U,ROW(),$C$6))) | X20: =IF($W20="","",IF(ISNUMBER($W20),IF($W20>=10000000,IFERROR(DATE(INT($W20/10000),MOD(INT($W20/100),100),MOD($W20,100)),""),INT($W20)),IFERROR(DATE(--LEFT(LEFT(SUBSTITUTE(SUBSTITUTE(SUBSTITUTE(SUBSTITUTE(TRIM($W20),"-",""),".",""),"/","")," ",""),8),4),--MID(LEFT(SUBSTITUTE(SUBSTITUTE(SUBSTITUTE(SUBSTITUTE(TRIM($W20),"-",""),".",""),"/","")," ",""),8),5,2),--MID(LEFT(SUBSTITUTE(SUBSTITUTE(SUBSTITUTE(SUBSTITUTE(TRIM($W20),"-",""),".",""),"/","")," ",""),8),7,2)),""))) | Y20: =IF($X20="","",INT($X20)) | Z20: =IF(OR($Y20="",$D$6=""),"",IF(INDEX($A:$U,ROW(),$D$6)="",0,IF(ISNUMBER(INDEX($A:$U,ROW(),$D$6)),INDEX($A:$U,ROW(),$D$6),IFERROR(--SUBSTITUTE(SUBSTITUTE(TRIM(INDEX($A:$U,ROW(),$D$6)),",",""),"원",""),0)))) | AA20: =IF($Y20="","",TRIM(INDEX($A:$U,ROW(),$E$6)&IF($F$6="",""," "&INDEX($A:$U,ROW(),$F$6)))) | AB20: =IF($AA20="","",SUBSTITUTE(SUBSTITUTE(SUBSTITUTE(SUBSTITUTE(SUBSTITUTE(SUBSTITUTE(SUBSTITUTE(SUBSTITUTE(SUBSTITUTE($AA20," ","")," ",""),"(주)",""),"（주）",""),"㈜",""),"주식회사",""),"(유)",""),"（유）",""),"유한회사","")) | AC20: =IF(OR($Y20="",N($Z20)<=0,$AB20=""),0,IFERROR(LOOKUP(2,1/((거래처별!$AC$8:$AC$307<>"")*ISNUMBER(SEARCH(거래처별!$AC$8:$AC$307,$AB20))),거래처별!$A$8:$A$307),IFERROR(LOOKUP(2,1/((거래처별!$AD$8:$AD$307<>"")*ISNUMBER(SEARCH(거래처별!$AD$8:$AD$307,$AB20))),거래처별!$A$8:$A$307),IFERROR(LOOKUP(2,1/((거래처별!$AE$8:$AE$307<>"")*ISNUMBER(SEARCH(거래처별!$AE$8:$AE$307,$AB20))),거래처별!$A$8:$A$307),0)))) | AD20: =IF(AND($Y20<>"",N($Z20)>0,$AC20=0),MAX($AD$7:$AD19)+1,"") | AE20: =IF($Y20="",0,$Y20)
W21: =IF(OR($B$5="",$C$6="",ROW()<$B$5),"",IF(INDEX($A:$U,ROW(),$C$6)="","",INDEX($A:$U,ROW(),$C$6))) | X21: =IF($W21="","",IF(ISNUMBER($W21),IF($W21>=10000000,IFERROR(DATE(INT($W21/10000),MOD(INT($W21/100),100),MOD($W21,100)),""),INT($W21)),IFERROR(DATE(--LEFT(LEFT(SUBSTITUTE(SUBSTITUTE(SUBSTITUTE(SUBSTITUTE(TRIM($W21),"-",""),".",""),"/","")," ",""),8),4),--MID(LEFT(SUBSTITUTE(SUBSTITUTE(SUBSTITUTE(SUBSTITUTE(TRIM($W21),"-",""),".",""),"/","")," ",""),8),5,2),--MID(LEFT(SUBSTITUTE(SUBSTITUTE(SUBSTITUTE(SUBSTITUTE(TRIM($W21),"-",""),".",""),"/","")," ",""),8),7,2)),""))) | Y21: =IF($X21="","",INT($X21)) | Z21: =IF(OR($Y21="",$D$6=""),"",IF(INDEX($A:$U,ROW(),$D$6)="",0,IF(ISNUMBER(INDEX($A:$U,ROW(),$D$6)),INDEX($A:$U,ROW(),$D$6),IFERROR(--SUBSTITUTE(SUBSTITUTE(TRIM(INDEX($A:$U,ROW(),$D$6)),",",""),"원",""),0)))) | AA21: =IF($Y21="","",TRIM(INDEX($A:$U,ROW(),$E$6)&IF($F$6="",""," "&INDEX($A:$U,ROW(),$F$6)))) | AB21: =IF($AA21="","",SUBSTITUTE(SUBSTITUTE(SUBSTITUTE(SUBSTITUTE(SUBSTITUTE(SUBSTITUTE(SUBSTITUTE(SUBSTITUTE(SUBSTITUTE($AA21," ","")," ",""),"(주)",""),"（주）",""),"㈜",""),"주식회사",""),"(유)",""),"（유）",""),"유한회사","")) | AC21: =IF(OR($Y21="",N($Z21)<=0,$AB21=""),0,IFERROR(LOOKUP(2,1/((거래처별!$AC$8:$AC$307<>"")*ISNUMBER(SEARCH(거래처별!$AC$8:$AC$307,$AB21))),거래처별!$A$8:$A$307),IFERROR(LOOKUP(2,1/((거래처별!$AD$8:$AD$307<>"")*ISNUMBER(SEARCH(거래처별!$AD$8:$AD$307,$AB21))),거래처별!$A$8:$A$307),IFERROR(LOOKUP(2,1/((거래처별!$AE$8:$AE$307<>"")*ISNUMBER(SEARCH(거래처별!$AE$8:$AE$307,$AB21))),거래처별!$A$8:$A$307),0)))) | AD21: =IF(AND($Y21<>"",N($Z21)>0,$AC21=0),MAX($AD$7:$AD20)+1,"") | AE21: =IF($Y21="",0,$Y21)
W22: =IF(OR($B$5="",$C$6="",ROW()<$B$5),"",IF(INDEX($A:$U,ROW(),$C$6)="","",INDEX($A:$U,ROW(),$C$6))) | X22: =IF($W22="","",IF(ISNUMBER($W22),IF($W22>=10000000,IFERROR(DATE(INT($W22/10000),MOD(INT($W22/100),100),MOD($W22,100)),""),INT($W22)),IFERROR(DATE(--LEFT(LEFT(SUBSTITUTE(SUBSTITUTE(SUBSTITUTE(SUBSTITUTE(TRIM($W22),"-",""),".",""),"/","")," ",""),8),4),--MID(LEFT(SUBSTITUTE(SUBSTITUTE(SUBSTITUTE(SUBSTITUTE(TRIM($W22),"-",""),".",""),"/","")," ",""),8),5,2),--MID(LEFT(SUBSTITUTE(SUBSTITUTE(SUBSTITUTE(SUBSTITUTE(TRIM($W22),"-",""),".",""),"/","")," ",""),8),7,2)),""))) | Y22: =IF($X22="","",INT($X22)) | Z22: =IF(OR($Y22="",$D$6=""),"",IF(INDEX($A:$U,ROW(),$D$6)="",0,IF(ISNUMBER(INDEX($A:$U,ROW(),$D$6)),INDEX($A:$U,ROW(),$D$6),IFERROR(--SUBSTITUTE(SUBSTITUTE(TRIM(INDEX($A:$U,ROW(),$D$6)),",",""),"원",""),0)))) | AA22: =IF($Y22="","",TRIM(INDEX($A:$U,ROW(),$E$6)&IF($F$6="",""," "&INDEX($A:$U,ROW(),$F$6)))) | AB22: =IF($AA22="","",SUBSTITUTE(SUBSTITUTE(SUBSTITUTE(SUBSTITUTE(SUBSTITUTE(SUBSTITUTE(SUBSTITUTE(SUBSTITUTE(SUBSTITUTE($AA22," ","")," ",""),"(주)",""),"（주）",""),"㈜",""),"주식회사",""),"(유)",""),"（유）",""),"유한회사","")) | AC22: =IF(OR($Y22="",N($Z22)<=0,$AB22=""),0,IFERROR(LOOKUP(2,1/((거래처별!$AC$8:$AC$307<>"")*ISNUMBER(SEARCH(거래처별!$AC$8:$AC$307,$AB22))),거래처별!$A$8:$A$307),IFERROR(LOOKUP(2,1/((거래처별!$AD$8:$AD$307<>"")*ISNUMBER(SEARCH(거래처별!$AD$8:$AD$307,$AB22))),거래처별!$A$8:$A$307),IFERROR(LOOKUP(2,1/((거래처별!$AE$8:$AE$307<>"")*ISNUMBER(SEARCH(거래처별!$AE$8:$AE$307,$AB22))),거래처별!$A$8:$A$307),0)))) | AD22: =IF(AND($Y22<>"",N($Z22)>0,$AC22=0),MAX($AD$7:$AD21)+1,"") | AE22: =IF($Y22="",0,$Y22)
W23: =IF(OR($B$5="",$C$6="",ROW()<$B$5),"",IF(INDEX($A:$U,ROW(),$C$6)="","",INDEX($A:$U,ROW(),$C$6))) | X23: =IF($W23="","",IF(ISNUMBER($W23),IF($W23>=10000000,IFERROR(DATE(INT($W23/10000),MOD(INT($W23/100),100),MOD($W23,100)),""),INT($W23)),IFERROR(DATE(--LEFT(LEFT(SUBSTITUTE(SUBSTITUTE(SUBSTITUTE(SUBSTITUTE(TRIM($W23),"-",""),".",""),"/","")," ",""),8),4),--MID(LEFT(SUBSTITUTE(SUBSTITUTE(SUBSTITUTE(SUBSTITUTE(TRIM($W23),"-",""),".",""),"/","")," ",""),8),5,2),--MID(LEFT(SUBSTITUTE(SUBSTITUTE(SUBSTITUTE(SUBSTITUTE(TRIM($W23),"-",""),".",""),"/","")," ",""),8),7,2)),""))) | Y23: =IF($X23="","",INT($X23)) | Z23: =IF(OR($Y23="",$D$6=""),"",IF(INDEX($A:$U,ROW(),$D$6)="",0,IF(ISNUMBER(INDEX($A:$U,ROW(),$D$6)),INDEX($A:$U,ROW(),$D$6),IFERROR(--SUBSTITUTE(SUBSTITUTE(TRIM(INDEX($A:$U,ROW(),$D$6)),",",""),"원",""),0)))) | AA23: =IF($Y23="","",TRIM(INDEX($A:$U,ROW(),$E$6)&IF($F$6="",""," "&INDEX($A:$U,ROW(),$F$6)))) | AB23: =IF($AA23="","",SUBSTITUTE(SUBSTITUTE(SUBSTITUTE(SUBSTITUTE(SUBSTITUTE(SUBSTITUTE(SUBSTITUTE(SUBSTITUTE(SUBSTITUTE($AA23," ","")," ",""),"(주)",""),"（주）",""),"㈜",""),"주식회사",""),"(유)",""),"（유）",""),"유한회사","")) | AC23: =IF(OR($Y23="",N($Z23)<=0,$AB23=""),0,IFERROR(LOOKUP(2,1/((거래처별!$AC$8:$AC$307<>"")*ISNUMBER(SEARCH(거래처별!$AC$8:$AC$307,$AB23))),거래처별!$A$8:$A$307),IFERROR(LOOKUP(2,1/((거래처별!$AD$8:$AD$307<>"")*ISNUMBER(SEARCH(거래처별!$AD$8:$AD$307,$AB23))),거래처별!$A$8:$A$307),IFERROR(LOOKUP(2,1/((거래처별!$AE$8:$AE$307<>"")*ISNUMBER(SEARCH(거래처별!$AE$8:$AE$307,$AB23))),거래처별!$A$8:$A$307),0)))) | AD23: =IF(AND($Y23<>"",N($Z23)>0,$AC23=0),MAX($AD$7:$AD22)+1,"") | AE23: =IF($Y23="",0,$Y23)
W24: =IF(OR($B$5="",$C$6="",ROW()<$B$5),"",IF(INDEX($A:$U,ROW(),$C$6)="","",INDEX($A:$U,ROW(),$C$6))) | X24: =IF($W24="","",IF(ISNUMBER($W24),IF($W24>=10000000,IFERROR(DATE(INT($W24/10000),MOD(INT($W24/100),100),MOD($W24,100)),""),INT($W24)),IFERROR(DATE(--LEFT(LEFT(SUBSTITUTE(SUBSTITUTE(SUBSTITUTE(SUBSTITUTE(TRIM($W24),"-",""),".",""),"/","")," ",""),8),4),--MID(LEFT(SUBSTITUTE(SUBSTITUTE(SUBSTITUTE(SUBSTITUTE(TRIM($W24),"-",""),".",""),"/","")," ",""),8),5,2),--MID(LEFT(SUBSTITUTE(SUBSTITUTE(SUBSTITUTE(SUBSTITUTE(TRIM($W24),"-",""),".",""),"/","")," ",""),8),7,2)),""))) | Y24: =IF($X24="","",INT($X24)) | Z24: =IF(OR($Y24="",$D$6=""),"",IF(INDEX($A:$U,ROW(),$D$6)="",0,IF(ISNUMBER(INDEX($A:$U,ROW(),$D$6)),INDEX($A:$U,ROW(),$D$6),IFERROR(--SUBSTITUTE(SUBSTITUTE(TRIM(INDEX($A:$U,ROW(),$D$6)),",",""),"원",""),0)))) | AA24: =IF($Y24="","",TRIM(INDEX($A:$U,ROW(),$E$6)&IF($F$6="",""," "&INDEX($A:$U,ROW(),$F$6)))) | AB24: =IF($AA24="","",SUBSTITUTE(SUBSTITUTE(SUBSTITUTE(SUBSTITUTE(SUBSTITUTE(SUBSTITUTE(SUBSTITUTE(SUBSTITUTE(SUBSTITUTE($AA24," ","")," ",""),"(주)",""),"（주）",""),"㈜",""),"주식회사",""),"(유)",""),"（유）",""),"유한회사","")) | AC24: =IF(OR($Y24="",N($Z24)<=0,$AB24=""),0,IFERROR(LOOKUP(2,1/((거래처별!$AC$8:$AC$307<>"")*ISNUMBER(SEARCH(거래처별!$AC$8:$AC$307,$AB24))),거래처별!$A$8:$A$307),IFERROR(LOOKUP(2,1/((거래처별!$AD$8:$AD$307<>"")*ISNUMBER(SEARCH(거래처별!$AD$8:$AD$307,$AB24))),거래처별!$A$8:$A$307),IFERROR(LOOKUP(2,1/((거래처별!$AE$8:$AE$307<>"")*ISNUMBER(SEARCH(거래처별!$AE$8:$AE$307,$AB24))),거래처별!$A$8:$A$307),0)))) | AD24: =IF(AND($Y24<>"",N($Z24)>0,$AC24=0),MAX($AD$7:$AD23)+1,"") | AE24: =IF($Y24="",0,$Y24)
W25: =IF(OR($B$5="",$C$6="",ROW()<$B$5),"",IF(INDEX($A:$U,ROW(),$C$6)="","",INDEX($A:$U,ROW(),$C$6))) | X25: =IF($W25="","",IF(ISNUMBER($W25),IF($W25>=10000000,IFERROR(DATE(INT($W25/10000),MOD(INT($W25/100),100),MOD($W25,100)),""),INT($W25)),IFERROR(DATE(--LEFT(LEFT(SUBSTITUTE(SUBSTITUTE(SUBSTITUTE(SUBSTITUTE(TRIM($W25),"-",""),".",""),"/","")," ",""),8),4),--MID(LEFT(SUBSTITUTE(SUBSTITUTE(SUBSTITUTE(SUBSTITUTE(TRIM($W25),"-",""),".",""),"/","")," ",""),8),5,2),--MID(LEFT(SUBSTITUTE(SUBSTITUTE(SUBSTITUTE(SUBSTITUTE(TRIM($W25),"-",""),".",""),"/","")," ",""),8),7,2)),""))) | Y25: =IF($X25="","",INT($X25)) | Z25: =IF(OR($Y25="",$D$6=""),"",IF(INDEX($A:$U,ROW(),$D$6)="",0,IF(ISNUMBER(INDEX($A:$U,ROW(),$D$6)),INDEX($A:$U,ROW(),$D$6),IFERROR(--SUBSTITUTE(SUBSTITUTE(TRIM(INDEX($A:$U,ROW(),$D$6)),",",""),"원",""),0)))) | AA25: =IF($Y25="","",TRIM(INDEX($A:$U,ROW(),$E$6)&IF($F$6="",""," "&INDEX($A:$U,ROW(),$F$6)))) | AB25: =IF($AA25="","",SUBSTITUTE(SUBSTITUTE(SUBSTITUTE(SUBSTITUTE(SUBSTITUTE(SUBSTITUTE(SUBSTITUTE(SUBSTITUTE(SUBSTITUTE($AA25," ","")," ",""),"(주)",""),"（주）",""),"㈜",""),"주식회사",""),"(유)",""),"（유）",""),"유한회사","")) | AC25: =IF(OR($Y25="",N($Z25)<=0,$AB25=""),0,IFERROR(LOOKUP(2,1/((거래처별!$AC$8:$AC$307<>"")*ISNUMBER(SEARCH(거래처별!$AC$8:$AC$307,$AB25))),거래처별!$A$8:$A$307),IFERROR(LOOKUP(2,1/((거래처별!$AD$8:$AD$307<>"")*ISNUMBER(SEARCH(거래처별!$AD$8:$AD$307,$AB25))),거래처별!$A$8:$A$307),IFERROR(LOOKUP(2,1/((거래처별!$AE$8:$AE$307<>"")*ISNUMBER(SEARCH(거래처별!$AE$8:$AE$307,$AB25))),거래처별!$A$8:$A$307),0)))) | AD25: =IF(AND($Y25<>"",N($Z25)>0,$AC25=0),MAX($AD$7:$AD24)+1,"") | AE25: =IF($Y25="",0,$Y25)
W26: =IF(OR($B$5="",$C$6="",ROW()<$B$5),"",IF(INDEX($A:$U,ROW(),$C$6)="","",INDEX($A:$U,ROW(),$C$6))) | X26: =IF($W26="","",IF(ISNUMBER($W26),IF($W26>=10000000,IFERROR(DATE(INT($W26/10000),MOD(INT($W26/100),100),MOD($W26,100)),""),INT($W26)),IFERROR(DATE(--LEFT(LEFT(SUBSTITUTE(SUBSTITUTE(SUBSTITUTE(SUBSTITUTE(TRIM($W26),"-",""),".",""),"/","")," ",""),8),4),--MID(LEFT(SUBSTITUTE(SUBSTITUTE(SUBSTITUTE(SUBSTITUTE(TRIM($W26),"-",""),".",""),"/","")," ",""),8),5,2),--MID(LEFT(SUBSTITUTE(SUBSTITUTE(SUBSTITUTE(SUBSTITUTE(TRIM($W26),"-",""),".",""),"/","")," ",""),8),7,2)),""))) | Y26: =IF($X26="","",INT($X26)) | Z26: =IF(OR($Y26="",$D$6=""),"",IF(INDEX($A:$U,ROW(),$D$6)="",0,IF(ISNUMBER(INDEX($A:$U,ROW(),$D$6)),INDEX($A:$U,ROW(),$D$6),IFERROR(--SUBSTITUTE(SUBSTITUTE(TRIM(INDEX($A:$U,ROW(),$D$6)),",",""),"원",""),0)))) | AA26: =IF($Y26="","",TRIM(INDEX($A:$U,ROW(),$E$6)&IF($F$6="",""," "&INDEX($A:$U,ROW(),$F$6)))) | AB26: =IF($AA26="","",SUBSTITUTE(SUBSTITUTE(SUBSTITUTE(SUBSTITUTE(SUBSTITUTE(SUBSTITUTE(SUBSTITUTE(SUBSTITUTE(SUBSTITUTE($AA26," ","")," ",""),"(주)",""),"（주）",""),"㈜",""),"주식회사",""),"(유)",""),"（유）",""),"유한회사","")) | AC26: =IF(OR($Y26="",N($Z26)<=0,$AB26=""),0,IFERROR(LOOKUP(2,1/((거래처별!$AC$8:$AC$307<>"")*ISNUMBER(SEARCH(거래처별!$AC$8:$AC$307,$AB26))),거래처별!$A$8:$A$307),IFERROR(LOOKUP(2,1/((거래처별!$AD$8:$AD$307<>"")*ISNUMBER(SEARCH(거래처별!$AD$8:$AD$307,$AB26))),거래처별!$A$8:$A$307),IFERROR(LOOKUP(2,1/((거래처별!$AE$8:$AE$307<>"")*ISNUMBER(SEARCH(거래처별!$AE$8:$AE$307,$AB26))),거래처별!$A$8:$A$307),0)))) | AD26: =IF(AND($Y26<>"",N($Z26)>0,$AC26=0),MAX($AD$7:$AD25)+1,"") | AE26: =IF($Y26="",0,$Y26)
W27: =IF(OR($B$5="",$C$6="",ROW()<$B$5),"",IF(INDEX($A:$U,ROW(),$C$6)="","",INDEX($A:$U,ROW(),$C$6))) | X27: =IF($W27="","",IF(ISNUMBER($W27),IF($W27>=10000000,IFERROR(DATE(INT($W27/10000),MOD(INT($W27/100),100),MOD($W27,100)),""),INT($W27)),IFERROR(DATE(--LEFT(LEFT(SUBSTITUTE(SUBSTITUTE(SUBSTITUTE(SUBSTITUTE(TRIM($W27),"-",""),".",""),"/","")," ",""),8),4),--MID(LEFT(SUBSTITUTE(SUBSTITUTE(SUBSTITUTE(SUBSTITUTE(TRIM($W27),"-",""),".",""),"/","")," ",""),8),5,2),--MID(LEFT(SUBSTITUTE(SUBSTITUTE(SUBSTITUTE(SUBSTITUTE(TRIM($W27),"-",""),".",""),"/","")," ",""),8),7,2)),""))) | Y27: =IF($X27="","",INT($X27)) | Z27: =IF(OR($Y27="",$D$6=""),"",IF(INDEX($A:$U,ROW(),$D$6)="",0,IF(ISNUMBER(INDEX($A:$U,ROW(),$D$6)),INDEX($A:$U,ROW(),$D$6),IFERROR(--SUBSTITUTE(SUBSTITUTE(TRIM(INDEX($A:$U,ROW(),$D$6)),",",""),"원",""),0)))) | AA27: =IF($Y27="","",TRIM(INDEX($A:$U,ROW(),$E$6)&IF($F$6="",""," "&INDEX($A:$U,ROW(),$F$6)))) | AB27: =IF($AA27="","",SUBSTITUTE(SUBSTITUTE(SUBSTITUTE(SUBSTITUTE(SUBSTITUTE(SUBSTITUTE(SUBSTITUTE(SUBSTITUTE(SUBSTITUTE($AA27," ","")," ",""),"(주)",""),"（주）",""),"㈜",""),"주식회사",""),"(유)",""),"（유）",""),"유한회사","")) | AC27: =IF(OR($Y27="",N($Z27)<=0,$AB27=""),0,IFERROR(LOOKUP(2,1/((거래처별!$AC$8:$AC$307<>"")*ISNUMBER(SEARCH(거래처별!$AC$8:$AC$307,$AB27))),거래처별!$A$8:$A$307),IFERROR(LOOKUP(2,1/((거래처별!$AD$8:$AD$307<>"")*ISNUMBER(SEARCH(거래처별!$AD$8:$AD$307,$AB27))),거래처별!$A$8:$A$307),IFERROR(LOOKUP(2,1/((거래처별!$AE$8:$AE$307<>"")*ISNUMBER(SEARCH(거래처별!$AE$8:$AE$307,$AB27))),거래처별!$A$8:$A$307),0)))) | AD27: =IF(AND($Y27<>"",N($Z27)>0,$AC27=0),MAX($AD$7:$AD26)+1,"") | AE27: =IF($Y27="",0,$Y27)
... W2007: =IF(OR($B$5="",$C$6="",ROW()<$B$5),"",IF(INDEX($A:$U,ROW(),$C$6)="","",INDEX($A:$U,ROW(),$C$6))) | X2007: =IF($W2007="","",IF(ISNUMBER($W2007),IF($W2007>=10000000,IFERROR(DATE(INT($W2007/10000),MOD(INT($W2007/100),100),MOD($W2007,100)),""),INT($W2007)),IFERROR(DATE(--LEFT(LEFT(SUBSTITUTE(SUBSTITUTE(SUBSTITUTE(SUBSTITUTE(TRIM($W2007),"-",""),".",""),"/","")," ",""),8),4),--MID(LEFT(SUBSTITUTE(SUBSTITUTE(SUBSTITUTE(SUBSTITUTE(TRIM($W2007),"-",""),".",""),"/","")," ",""),8),5,2),--MID(LEFT(SUBSTITUTE(SUBSTITUTE(SUBSTITUTE(SUBSTITUTE(TRIM($W2007),"-",""),".",""),"/","")," ",""),8),7,2)),""))) | Y2007: =IF($X2007="","",INT($X2007)) | Z2007: =IF(OR($Y2007="",$D$6=""),"",IF(INDEX($A:$U,ROW(),$D$6)="",0,IF(ISNUMBER(INDEX($A:$U,ROW(),$D$6)),INDEX($A:$U,ROW(),$D$6),IFERROR(--SUBSTITUTE(SUBSTITUTE(TRIM(INDEX($A:$U,ROW(),$D$6)),",",""),"원",""),0)))) | AA2007: =IF($Y2007="","",TRIM(INDEX($A:$U,ROW(),$E$6)&IF($F$6="",""," "&INDEX($A:$U,ROW(),$F$6)))) | AB2007: =IF($AA2007="","",SUBSTITUTE(SUBSTITUTE(SUBSTITUTE(SUBSTITUTE(SUBSTITUTE(SUBSTITUTE(SUBSTITUTE(SUBSTITUTE(SUBSTITUTE($AA2007," ","")," ",""),"(주)",""),"（주）",""),"㈜",""),"주식회사",""),"(유)",""),"（유）",""),"유한회사","")) | AC2007: =IF(OR($Y2007="",N($Z2007)<=0,$AB2007=""),0,IFERROR(LOOKUP(2,1/((거래처별!$AC$8:$AC$307<>"")*ISNUMBER(SEARCH(거래처별!$AC$8:$AC$307,$AB2007))),거래처별!$A$8:$A$307),IFERROR(LOOKUP(2,1/((거래처별!$AD$8:$AD$307<>"")*ISNUMBER(SEARCH(거래처별!$AD$8:$AD$307,$AB2007))),거래처별!$A$8:$A$307),IFERROR(LOOKUP(2,1/((거래처별!$AE$8:$AE$307<>"")*ISNUMBER(SEARCH(거래처별!$AE$8:$AE$307,$AB2007))),거래처별!$A$8:$A$307),0)))) | AD2007: =IF(AND($Y2007<>"",N($Z2007)>0,$AC2007=0),MAX($AD$7:$AD2006)+1,"") | AE2007: =IF($Y2007="",0,$Y2007)

Sheet 거래처설정
A1: 거래처설정 — 필요한 거래처만 적는 곳 (선택)
A2: ✍ 직접 입력: 입금자명이 거래처 이름과 다를 때(별칭), 이전 달에서 넘어온 미수금(기초), 연락 상황을 적습니다. 모든 거래처를 적을 필요는 없고 필요한 곳만 적으세요.
A3: 거래처 찾는 법: [거래처별] 시트에서 사업자번호를 복사해 A열에 붙여넣기(하이픈 있어도 됨). 사업자번호가 없는 거래처는 상호를 그대로 적으세요. 별칭에는 은행 입금 내용에 찍히는 이름(예: 대표자 이름)을 적습니다.
A4: 한 번 적어 두면 세금계산서·입금을 새로 붙여넣어도 그대로 유지됩니다. 가상 예시는 지우고 쓰세요 (7행 아래 노란 칸 선택 → Delete).
A7: 사업자번호 (없으면 상호) | B7: 거래처 (참고용 메모) | C7: 입금자명 별칭 1 | D7: 입금자명 별칭 2 | E7: 기초 미수금(원) (이월 잔액) | F7: 조치 상태 | G7: 메모 | I7: 키(자동) | J7: 별칭1 정리(자동) | K7: 별칭2 정리(자동)
A8: 999-81-10004 | B8: (주)다온산업 | C8: 김다온 | F8: 연락함 | G8: 대표 개인 계좌로 입금하는 거래처 | I8: =IF(TRIM($A8&"")="","",IF(ISNUMBER(--SUBSTITUTE(SUBSTITUTE(TRIM($A8&""),"-","")," ","")),SUBSTITUTE(SUBSTITUTE(TRIM($A8&""),"-","")," ",""),"N:"&TRIM($A8&""))) | J8: =IF(LEN(SUBSTITUTE(SUBSTITUTE(SUBSTITUTE(SUBSTITUTE(SUBSTITUTE(SUBSTITUTE(SUBSTITUTE(SUBSTITUTE(SUBSTITUTE($C8&""," ","")," ",""),"(주)",""),"（주）",""),"㈜",""),"주식회사",""),"(유)",""),"（유）",""),"유한회사",""))<2,"",SUBSTITUTE(SUBSTITUTE(SUBSTITUTE(SUBSTITUTE(SUBSTITUTE(SUBSTITUTE(SUBSTITUTE(SUBSTITUTE(SUBSTITUTE($C8&""," ","")," ",""),"(주)",""),"（주）",""),"㈜",""),"주식회사",""),"(유)",""),"（유）",""),"유한회사","")) | K8: =IF(LEN(SUBSTITUTE(SUBSTITUTE(SUBSTITUTE(SUBSTITUTE(SUBSTITUTE(SUBSTITUTE(SUBSTITUTE(SUBSTITUTE(SUBSTITUTE($D8&""," ","")," ",""),"(주)",""),"（주）",""),"㈜",""),"주식회사",""),"(유)",""),"（유）",""),"유한회사",""))<2,"",SUBSTITUTE(SUBSTITUTE(SUBSTITUTE(SUBSTITUTE(SUBSTITUTE(SUBSTITUTE(SUBSTITUTE(SUBSTITUTE(SUBSTITUTE($D8&""," ","")," ",""),"(주)",""),"（주）",""),"㈜",""),"주식회사",""),"(유)",""),"（유）",""),"유한회사",""))
A9: 999-81-10007 | B9: 한결건설(주) | E9: 500000 | F9: 입금약속 | G9: 10/30 입금 약속 (가상) | I9: =IF(TRIM($A9&"")="","",IF(ISNUMBER(--SUBSTITUTE(SUBSTITUTE(TRIM($A9&""),"-","")," ","")),SUBSTITUTE(SUBSTITUTE(TRIM($A9&""),"-","")," ",""),"N:"&TRIM($A9&""))) | J9: =IF(LEN(SUBSTITUTE(SUBSTITUTE(SUBSTITUTE(SUBSTITUTE(SUBSTITUTE(SUBSTITUTE(SUBSTITUTE(SUBSTITUTE(SUBSTITUTE($C9&""," ","")," ",""),"(주)",""),"（주）",""),"㈜",""),"주식회사",""),"(유)",""),"（유）",""),"유한회사",""))<2,"",SUBSTITUTE(SUBSTITUTE(SUBSTITUTE(SUBSTITUTE(SUBSTITUTE(SUBSTITUTE(SUBSTITUTE(SUBSTITUTE(SUBSTITUTE($C9&""," ","")," ",""),"(주)",""),"（주）",""),"㈜",""),"주식회사",""),"(유)",""),"（유）",""),"유한회사","")) | K9: =IF(LEN(SUBSTITUTE(SUBSTITUTE(SUBSTITUTE(SUBSTITUTE(SUBSTITUTE(SUBSTITUTE(SUBSTITUTE(SUBSTITUTE(SUBSTITUTE($D9&""," ","")," ",""),"(주)",""),"（주）",""),"㈜",""),"주식회사",""),"(유)",""),"（유）",""),"유한회사",""))<2,"",SUBSTITUTE(SUBSTITUTE(SUBSTITUTE(SUBSTITUTE(SUBSTITUTE(SUBSTITUTE(SUBSTITUTE(SUBSTITUTE(SUBSTITUTE($D9&""," ","")," ",""),"(주)",""),"（주）",""),"㈜",""),"주식회사",""),"(유)",""),"（유）",""),"유한회사",""))
A10: 999-81-10008 | B10: 소나무상사 | I10: =IF(TRIM($A10&"")="","",IF(ISNUMBER(--SUBSTITUTE(SUBSTITUTE(TRIM($A10&""),"-","")," ","")),SUBSTITUTE(SUBSTITUTE(TRIM($A10&""),"-","")," ",""),"N:"&TRIM($A10&""))) | J10: =IF(LEN(SUBSTITUTE(SUBSTITUTE(SUBSTITUTE(SUBSTITUTE(SUBSTITUTE(SUBSTITUTE(SUBSTITUTE(SUBSTITUTE(SUBSTITUTE($C10&""," ","")," ",""),"(주)",""),"（주）",""),"㈜",""),"주식회사",""),"(유)",""),"（유）",""),"유한회사",""))<2,"",SUBSTITUTE(SUBSTITUTE(SUBSTITUTE(SUBSTITUTE(SUBSTITUTE(SUBSTITUTE(SUBSTITUTE(SUBSTITUTE(SUBSTITUTE($C10&""," ","")," ",""),"(주)",""),"（주）",""),"㈜",""),"주식회사",""),"(유)",""),"（유）",""),"유한회사","")) | K10: =IF(LEN(SUBSTITUTE(SUBSTITUTE(SUBSTITUTE(SUBSTITUTE(SUBSTITUTE(SUBSTITUTE(SUBSTITUTE(SUBSTITUTE(SUBSTITUTE($D10&""," ","")," ",""),"(주)",""),"（주）",""),"㈜",""),"주식회사",""),"(유)",""),"（유）",""),"유한회사",""))<2,"",SUBSTITUTE(SUBSTITUTE(SUBSTITUTE(SUBSTITUTE(SUBSTITUTE(SUBSTITUTE(SUBSTITUTE(SUBSTITUTE(SUBSTITUTE($D10&""," ","")," ",""),"(주)",""),"（주）",""),"㈜",""),"주식회사",""),"(유)",""),"（유）",""),"유한회사",""))
I11: =IF(TRIM($A11&"")="","",IF(ISNUMBER(--SUBSTITUTE(SUBSTITUTE(TRIM($A11&""),"-","")," ","")),SUBSTITUTE(SUBSTITUTE(TRIM($A11&""),"-","")," ",""),"N:"&TRIM($A11&""))) | J11: =IF(LEN(SUBSTITUTE(SUBSTITUTE(SUBSTITUTE(SUBSTITUTE(SUBSTITUTE(SUBSTITUTE(SUBSTITUTE(SUBSTITUTE(SUBSTITUTE($C11&""," ","")," ",""),"(주)",""),"（주）",""),"㈜",""),"주식회사",""),"(유)",""),"（유）",""),"유한회사",""))<2,"",SUBSTITUTE(SUBSTITUTE(SUBSTITUTE(SUBSTITUTE(SUBSTITUTE(SUBSTITUTE(SUBSTITUTE(SUBSTITUTE(SUBSTITUTE($C11&""," ","")," ",""),"(주)",""),"（주）",""),"㈜",""),"주식회사",""),"(유)",""),"（유）",""),"유한회사","")) | K11: =IF(LEN(SUBSTITUTE(SUBSTITUTE(SUBSTITUTE(SUBSTITUTE(SUBSTITUTE(SUBSTITUTE(SUBSTITUTE(SUBSTITUTE(SUBSTITUTE($D11&""," ","")," ",""),"(주)",""),"（주）",""),"㈜",""),"주식회사",""),"(유)",""),"（유）",""),"유한회사",""))<2,"",SUBSTITUTE(SUBSTITUTE(SUBSTITUTE(SUBSTITUTE(SUBSTITUTE(SUBSTITUTE(SUBSTITUTE(SUBSTITUTE(SUBSTITUTE($D11&""," ","")," ",""),"(주)",""),"（주）",""),"㈜",""),"주식회사",""),"(유)",""),"（유）",""),"유한회사",""))
I12: =IF(TRIM($A12&"")="","",IF(ISNUMBER(--SUBSTITUTE(SUBSTITUTE(TRIM($A12&""),"-","")," ","")),SUBSTITUTE(SUBSTITUTE(TRIM($A12&""),"-","")," ",""),"N:"&TRIM($A12&""))) | J12: =IF(LEN(SUBSTITUTE(SUBSTITUTE(SUBSTITUTE(SUBSTITUTE(SUBSTITUTE(SUBSTITUTE(SUBSTITUTE(SUBSTITUTE(SUBSTITUTE($C12&""," ","")," ",""),"(주)",""),"（주）",""),"㈜",""),"주식회사",""),"(유)",""),"（유）",""),"유한회사",""))<2,"",SUBSTITUTE(SUBSTITUTE(SUBSTITUTE(SUBSTITUTE(SUBSTITUTE(SUBSTITUTE(SUBSTITUTE(SUBSTITUTE(SUBSTITUTE($C12&""," ","")," ",""),"(주)",""),"（주）",""),"㈜",""),"주식회사",""),"(유)",""),"（유）",""),"유한회사","")) | K12: =IF(LEN(SUBSTITUTE(SUBSTITUTE(SUBSTITUTE(SUBSTITUTE(SUBSTITUTE(SUBSTITUTE(SUBSTITUTE(SUBSTITUTE(SUBSTITUTE($D12&""," ","")," ",""),"(주)",""),"（주）",""),"㈜",""),"주식회사",""),"(유)",""),"（유）",""),"유한회사",""))<2,"",SUBSTITUTE(SUBSTITUTE(SUBSTITUTE(SUBSTITUTE(SUBSTITUTE(SUBSTITUTE(SUBSTITUTE(SUBSTITUTE(SUBSTITUTE($D12&""," ","")," ",""),"(주)",""),"（주）",""),"㈜",""),"주식회사",""),"(유)",""),"（유）",""),"유한회사",""))
I13: =IF(TRIM($A13&"")="","",IF(ISNUMBER(--SUBSTITUTE(SUBSTITUTE(TRIM($A13&""),"-","")," ","")),SUBSTITUTE(SUBSTITUTE(TRIM($A13&""),"-","")," ",""),"N:"&TRIM($A13&""))) | J13: =IF(LEN(SUBSTITUTE(SUBSTITUTE(SUBSTITUTE(SUBSTITUTE(SUBSTITUTE(SUBSTITUTE(SUBSTITUTE(SUBSTITUTE(SUBSTITUTE($C13&""," ","")," ",""),"(주)",""),"（주）",""),"㈜",""),"주식회사",""),"(유)",""),"（유）",""),"유한회사",""))<2,"",SUBSTITUTE(SUBSTITUTE(SUBSTITUTE(SUBSTITUTE(SUBSTITUTE(SUBSTITUTE(SUBSTITUTE(SUBSTITUTE(SUBSTITUTE($C13&""," ","")," ",""),"(주)",""),"（주）",""),"㈜",""),"주식회사",""),"(유)",""),"（유）",""),"유한회사","")) | K13: =IF(LEN(SUBSTITUTE(SUBSTITUTE(SUBSTITUTE(SUBSTITUTE(SUBSTITUTE(SUBSTITUTE(SUBSTITUTE(SUBSTITUTE(SUBSTITUTE($D13&""," ","")," ",""),"(주)",""),"（주）",""),"㈜",""),"주식회사",""),"(유)",""),"（유）",""),"유한회사",""))<2,"",SUBSTITUTE(SUBSTITUTE(SUBSTITUTE(SUBSTITUTE(SUBSTITUTE(SUBSTITUTE(SUBSTITUTE(SUBSTITUTE(SUBSTITUTE($D13&""," ","")," ",""),"(주)",""),"（주）",""),"㈜",""),"주식회사",""),"(유)",""),"（유）",""),"유한회사",""))
I14: =IF(TRIM($A14&"")="","",IF(ISNUMBER(--SUBSTITUTE(SUBSTITUTE(TRIM($A14&""),"-","")," ","")),SUBSTITUTE(SUBSTITUTE(TRIM($A14&""),"-","")," ",""),"N:"&TRIM($A14&""))) | J14: =IF(LEN(SUBSTITUTE(SUBSTITUTE(SUBSTITUTE(SUBSTITUTE(SUBSTITUTE(SUBSTITUTE(SUBSTITUTE(SUBSTITUTE(SUBSTITUTE($C14&""," ","")," ",""),"(주)",""),"（주）",""),"㈜",""),"주식회사",""),"(유)",""),"（유）",""),"유한회사",""))<2,"",SUBSTITUTE(SUBSTITUTE(SUBSTITUTE(SUBSTITUTE(SUBSTITUTE(SUBSTITUTE(SUBSTITUTE(SUBSTITUTE(SUBSTITUTE($C14&""," ","")," ",""),"(주)",""),"（주）",""),"㈜",""),"주식회사",""),"(유)",""),"（유）",""),"유한회사","")) | K14: =IF(LEN(SUBSTITUTE(SUBSTITUTE(SUBSTITUTE(SUBSTITUTE(SUBSTITUTE(SUBSTITUTE(SUBSTITUTE(SUBSTITUTE(SUBSTITUTE($D14&""," ","")," ",""),"(주)",""),"（주）",""),"㈜",""),"주식회사",""),"(유)",""),"（유）",""),"유한회사",""))<2,"",SUBSTITUTE(SUBSTITUTE(SUBSTITUTE(SUBSTITUTE(SUBSTITUTE(SUBSTITUTE(SUBSTITUTE(SUBSTITUTE(SUBSTITUTE($D14&""," ","")," ",""),"(주)",""),"（주）",""),"㈜",""),"주식회사",""),"(유)",""),"（유）",""),"유한회사",""))
I15: =IF(TRIM($A15&"")="","",IF(ISNUMBER(--SUBSTITUTE(SUBSTITUTE(TRIM($A15&""),"-","")," ","")),SUBSTITUTE(SUBSTITUTE(TRIM($A15&""),"-","")," ",""),"N:"&TRIM($A15&""))) | J15: =IF(LEN(SUBSTITUTE(SUBSTITUTE(SUBSTITUTE(SUBSTITUTE(SUBSTITUTE(SUBSTITUTE(SUBSTITUTE(SUBSTITUTE(SUBSTITUTE($C15&""," ","")," ",""),"(주)",""),"（주）",""),"㈜",""),"주식회사",""),"(유)",""),"（유）",""),"유한회사",""))<2,"",SUBSTITUTE(SUBSTITUTE(SUBSTITUTE(SUBSTITUTE(SUBSTITUTE(SUBSTITUTE(SUBSTITUTE(SUBSTITUTE(SUBSTITUTE($C15&""," ","")," ",""),"(주)",""),"（주）",""),"㈜",""),"주식회사",""),"(유)",""),"（유）",""),"유한회사","")) | K15: =IF(LEN(SUBSTITUTE(SUBSTITUTE(SUBSTITUTE(SUBSTITUTE(SUBSTITUTE(SUBSTITUTE(SUBSTITUTE(SUBSTITUTE(SUBSTITUTE($D15&""," ","")," ",""),"(주)",""),"（주）",""),"㈜",""),"주식회사",""),"(유)",""),"（유）",""),"유한회사",""))<2,"",SUBSTITUTE(SUBSTITUTE(SUBSTITUTE(SUBSTITUTE(SUBSTITUTE(SUBSTITUTE(SUBSTITUTE(SUBSTITUTE(SUBSTITUTE($D15&""," ","")," ",""),"(주)",""),"（주）",""),"㈜",""),"주식회사",""),"(유)",""),"（유）",""),"유한회사",""))
I16: =IF(TRIM($A16&"")="","",IF(ISNUMBER(--SUBSTITUTE(SUBSTITUTE(TRIM($A16&""),"-","")," ","")),SUBSTITUTE(SUBSTITUTE(TRIM($A16&""),"-","")," ",""),"N:"&TRIM($A16&""))) | J16: =IF(LEN(SUBSTITUTE(SUBSTITUTE(SUBSTITUTE(SUBSTITUTE(SUBSTITUTE(SUBSTITUTE(SUBSTITUTE(SUBSTITUTE(SUBSTITUTE($C16&""," ","")," ",""),"(주)",""),"（주）",""),"㈜",""),"주식회사",""),"(유)",""),"（유）",""),"유한회사",""))<2,"",SUBSTITUTE(SUBSTITUTE(SUBSTITUTE(SUBSTITUTE(SUBSTITUTE(SUBSTITUTE(SUBSTITUTE(SUBSTITUTE(SUBSTITUTE($C16&""," ","")," ",""),"(주)",""),"（주）",""),"㈜",""),"주식회사",""),"(유)",""),"（유）",""),"유한회사","")) | K16: =IF(LEN(SUBSTITUTE(SUBSTITUTE(SUBSTITUTE(SUBSTITUTE(SUBSTITUTE(SUBSTITUTE(SUBSTITUTE(SUBSTITUTE(SUBSTITUTE($D16&""," ","")," ",""),"(주)",""),"（주）",""),"㈜",""),"주식회사",""),"(유)",""),"（유）",""),"유한회사",""))<2,"",SUBSTITUTE(SUBSTITUTE(SUBSTITUTE(SUBSTITUTE(SUBSTITUTE(SUBSTITUTE(SUBSTITUTE(SUBSTITUTE(SUBSTITUTE($D16&""," ","")," ",""),"(주)",""),"（주）",""),"㈜",""),"주식회사",""),"(유)",""),"（유）",""),"유한회사",""))
I17: =IF(TRIM($A17&"")="","",IF(ISNUMBER(--SUBSTITUTE(SUBSTITUTE(TRIM($A17&""),"-","")," ","")),SUBSTITUTE(SUBSTITUTE(TRIM($A17&""),"-","")," ",""),"N:"&TRIM($A17&""))) | J17: =IF(LEN(SUBSTITUTE(SUBSTITUTE(SUBSTITUTE(SUBSTITUTE(SUBSTITUTE(SUBSTITUTE(SUBSTITUTE(SUBSTITUTE(SUBSTITUTE($C17&""," ","")," ",""),"(주)",""),"（주）",""),"㈜",""),"주식회사",""),"(유)",""),"（유）",""),"유한회사",""))<2,"",SUBSTITUTE(SUBSTITUTE(SUBSTITUTE(SUBSTITUTE(SUBSTITUTE(SUBSTITUTE(SUBSTITUTE(SUBSTITUTE(SUBSTITUTE($C17&""," ","")," ",""),"(주)",""),"（주）",""),"㈜",""),"주식회사",""),"(유)",""),"（유）",""),"유한회사","")) | K17: =IF(LEN(SUBSTITUTE(SUBSTITUTE(SUBSTITUTE(SUBSTITUTE(SUBSTITUTE(SUBSTITUTE(SUBSTITUTE(SUBSTITUTE(SUBSTITUTE($D17&""," ","")," ",""),"(주)",""),"（주）",""),"㈜",""),"주식회사",""),"(유)",""),"（유）",""),"유한회사",""))<2,"",SUBSTITUTE(SUBSTITUTE(SUBSTITUTE(SUBSTITUTE(SUBSTITUTE(SUBSTITUTE(SUBSTITUTE(SUBSTITUTE(SUBSTITUTE($D17&""," ","")," ",""),"(주)",""),"（주）",""),"㈜",""),"주식회사",""),"(유)",""),"（유）",""),"유한회사",""))
I18: =IF(TRIM($A18&"")="","",IF(ISNUMBER(--SUBSTITUTE(SUBSTITUTE(TRIM($A18&""),"-","")," ","")),SUBSTITUTE(SUBSTITUTE(TRIM($A18&""),"-","")," ",""),"N:"&TRIM($A18&""))) | J18: =IF(LEN(SUBSTITUTE(SUBSTITUTE(SUBSTITUTE(SUBSTITUTE(SUBSTITUTE(SUBSTITUTE(SUBSTITUTE(SUBSTITUTE(SUBSTITUTE($C18&""," ","")," ",""),"(주)",""),"（주）",""),"㈜",""),"주식회사",""),"(유)",""),"（유）",""),"유한회사",""))<2,"",SUBSTITUTE(SUBSTITUTE(SUBSTITUTE(SUBSTITUTE(SUBSTITUTE(SUBSTITUTE(SUBSTITUTE(SUBSTITUTE(SUBSTITUTE($C18&""," ","")," ",""),"(주)",""),"（주）",""),"㈜",""),"주식회사",""),"(유)",""),"（유）",""),"유한회사","")) | K18: =IF(LEN(SUBSTITUTE(SUBSTITUTE(SUBSTITUTE(SUBSTITUTE(SUBSTITUTE(SUBSTITUTE(SUBSTITUTE(SUBSTITUTE(SUBSTITUTE($D18&""," ","")," ",""),"(주)",""),"（주）",""),"㈜",""),"주식회사",""),"(유)",""),"（유）",""),"유한회사",""))<2,"",SUBSTITUTE(SUBSTITUTE(SUBSTITUTE(SUBSTITUTE(SUBSTITUTE(SUBSTITUTE(SUBSTITUTE(SUBSTITUTE(SUBSTITUTE($D18&""," ","")," ",""),"(주)",""),"（주）",""),"㈜",""),"주식회사",""),"(유)",""),"（유）",""),"유한회사",""))
I19: =IF(TRIM($A19&"")="","",IF(ISNUMBER(--SUBSTITUTE(SUBSTITUTE(TRIM($A19&""),"-","")," ","")),SUBSTITUTE(SUBSTITUTE(TRIM($A19&""),"-","")," ",""),"N:"&TRIM($A19&""))) | J19: =IF(LEN(SUBSTITUTE(SUBSTITUTE(SUBSTITUTE(SUBSTITUTE(SUBSTITUTE(SUBSTITUTE(SUBSTITUTE(SUBSTITUTE(SUBSTITUTE($C19&""," ","")," ",""),"(주)",""),"（주）",""),"㈜",""),"주식회사",""),"(유)",""),"（유）",""),"유한회사",""))<2,"",SUBSTITUTE(SUBSTITUTE(SUBSTITUTE(SUBSTITUTE(SUBSTITUTE(SUBSTITUTE(SUBSTITUTE(SUBSTITUTE(SUBSTITUTE($C19&""," ","")," ",""),"(주)",""),"（주）",""),"㈜",""),"주식회사",""),"(유)",""),"（유）",""),"유한회사","")) | K19: =IF(LEN(SUBSTITUTE(SUBSTITUTE(SUBSTITUTE(SUBSTITUTE(SUBSTITUTE(SUBSTITUTE(SUBSTITUTE(SUBSTITUTE(SUBSTITUTE($D19&""," ","")," ",""),"(주)",""),"（주）",""),"㈜",""),"주식회사",""),"(유)",""),"（유）",""),"유한회사",""))<2,"",SUBSTITUTE(SUBSTITUTE(SUBSTITUTE(SUBSTITUTE(SUBSTITUTE(SUBSTITUTE(SUBSTITUTE(SUBSTITUTE(SUBSTITUTE($D19&""," ","")," ",""),"(주)",""),"（주）",""),"㈜",""),"주식회사",""),"(유)",""),"（유）",""),"유한회사",""))
I20: =IF(TRIM($A20&"")="","",IF(ISNUMBER(--SUBSTITUTE(SUBSTITUTE(TRIM($A20&""),"-","")," ","")),SUBSTITUTE(SUBSTITUTE(TRIM($A20&""),"-","")," ",""),"N:"&TRIM($A20&""))) | J20: =IF(LEN(SUBSTITUTE(SUBSTITUTE(SUBSTITUTE(SUBSTITUTE(SUBSTITUTE(SUBSTITUTE(SUBSTITUTE(SUBSTITUTE(SUBSTITUTE($C20&""," ","")," ",""),"(주)",""),"（주）",""),"㈜",""),"주식회사",""),"(유)",""),"（유）",""),"유한회사",""))<2,"",SUBSTITUTE(SUBSTITUTE(SUBSTITUTE(SUBSTITUTE(SUBSTITUTE(SUBSTITUTE(SUBSTITUTE(SUBSTITUTE(SUBSTITUTE($C20&""," ","")," ",""),"(주)",""),"（주）",""),"㈜",""),"주식회사",""),"(유)",""),"（유）",""),"유한회사","")) | K20: =IF(LEN(SUBSTITUTE(SUBSTITUTE(SUBSTITUTE(SUBSTITUTE(SUBSTITUTE(SUBSTITUTE(SUBSTITUTE(SUBSTITUTE(SUBSTITUTE($D20&""," ","")," ",""),"(주)",""),"（주）",""),"㈜",""),"주식회사",""),"(유)",""),"（유）",""),"유한회사",""))<2,"",SUBSTITUTE(SUBSTITUTE(SUBSTITUTE(SUBSTITUTE(SUBSTITUTE(SUBSTITUTE(SUBSTITUTE(SUBSTITUTE(SUBSTITUTE($D20&""," ","")," ",""),"(주)",""),"（주）",""),"㈜",""),"주식회사",""),"(유)",""),"（유）",""),"유한회사",""))
I21: =IF(TRIM($A21&"")="","",IF(ISNUMBER(--SUBSTITUTE(SUBSTITUTE(TRIM($A21&""),"-","")," ","")),SUBSTITUTE(SUBSTITUTE(TRIM($A21&""),"-","")," ",""),"N:"&TRIM($A21&""))) | J21: =IF(LEN(SUBSTITUTE(SUBSTITUTE(SUBSTITUTE(SUBSTITUTE(SUBSTITUTE(SUBSTITUTE(SUBSTITUTE(SUBSTITUTE(SUBSTITUTE($C21&""," ","")," ",""),"(주)",""),"（주）",""),"㈜",""),"주식회사",""),"(유)",""),"（유）",""),"유한회사",""))<2,"",SUBSTITUTE(SUBSTITUTE(SUBSTITUTE(SUBSTITUTE(SUBSTITUTE(SUBSTITUTE(SUBSTITUTE(SUBSTITUTE(SUBSTITUTE($C21&""," ","")," ",""),"(주)",""),"（주）",""),"㈜",""),"주식회사",""),"(유)",""),"（유）",""),"유한회사","")) | K21: =IF(LEN(SUBSTITUTE(SUBSTITUTE(SUBSTITUTE(SUBSTITUTE(SUBSTITUTE(SUBSTITUTE(SUBSTITUTE(SUBSTITUTE(SUBSTITUTE($D21&""," ","")," ",""),"(주)",""),"（주）",""),"㈜",""),"주식회사",""),"(유)",""),"（유）",""),"유한회사",""))<2,"",SUBSTITUTE(SUBSTITUTE(SUBSTITUTE(SUBSTITUTE(SUBSTITUTE(SUBSTITUTE(SUBSTITUTE(SUBSTITUTE(SUBSTITUTE($D21&""," ","")," ",""),"(주)",""),"（주）",""),"㈜",""),"주식회사",""),"(유)",""),"（유）",""),"유한회사",""))
I22: =IF(TRIM($A22&"")="","",IF(ISNUMBER(--SUBSTITUTE(SUBSTITUTE(TRIM($A22&""),"-","")," ","")),SUBSTITUTE(SUBSTITUTE(TRIM($A22&""),"-","")," ",""),"N:"&TRIM($A22&""))) | J22: =IF(LEN(SUBSTITUTE(SUBSTITUTE(SUBSTITUTE(SUBSTITUTE(SUBSTITUTE(SUBSTITUTE(SUBSTITUTE(SUBSTITUTE(SUBSTITUTE($C22&""," ","")," ",""),"(주)",""),"（주）",""),"㈜",""),"주식회사",""),"(유)",""),"（유）",""),"유한회사",""))<2,"",SUBSTITUTE(SUBSTITUTE(SUBSTITUTE(SUBSTITUTE(SUBSTITUTE(SUBSTITUTE(SUBSTITUTE(SUBSTITUTE(SUBSTITUTE($C22&""," ","")," ",""),"(주)",""),"（주）",""),"㈜",""),"주식회사",""),"(유)",""),"（유）",""),"유한회사","")) | K22: =IF(LEN(SUBSTITUTE(SUBSTITUTE(SUBSTITUTE(SUBSTITUTE(SUBSTITUTE(SUBSTITUTE(SUBSTITUTE(SUBSTITUTE(SUBSTITUTE($D22&""," ","")," ",""),"(주)",""),"（주）",""),"㈜",""),"주식회사",""),"(유)",""),"（유）",""),"유한회사",""))<2,"",SUBSTITUTE(SUBSTITUTE(SUBSTITUTE(SUBSTITUTE(SUBSTITUTE(SUBSTITUTE(SUBSTITUTE(SUBSTITUTE(SUBSTITUTE($D22&""," ","")," ",""),"(주)",""),"（주）",""),"㈜",""),"주식회사",""),"(유)",""),"（유）",""),"유한회사",""))
... I407: =IF(TRIM($A407&"")="","",IF(ISNUMBER(--SUBSTITUTE(SUBSTITUTE(TRIM($A407&""),"-","")," ","")),SUBSTITUTE(SUBSTITUTE(TRIM($A407&""),"-","")," ",""),"N:"&TRIM($A407&""))) | J407: =IF(LEN(SUBSTITUTE(SUBSTITUTE(SUBSTITUTE(SUBSTITUTE(SUBSTITUTE(SUBSTITUTE(SUBSTITUTE(SUBSTITUTE(SUBSTITUTE($C407&""," ","")," ",""),"(주)",""),"（주）",""),"㈜",""),"주식회사",""),"(유)",""),"（유）",""),"유한회사",""))<2,"",SUBSTITUTE(SUBSTITUTE(SUBSTITUTE(SUBSTITUTE(SUBSTITUTE(SUBSTITUTE(SUBSTITUTE(SUBSTITUTE(SUBSTITUTE($C407&""," ","")," ",""),"(주)",""),"（주）",""),"㈜",""),"주식회사",""),"(유)",""),"（유）",""),"유한회사","")) | K407: =IF(LEN(SUBSTITUTE(SUBSTITUTE(SUBSTITUTE(SUBSTITUTE(SUBSTITUTE(SUBSTITUTE(SUBSTITUTE(SUBSTITUTE(SUBSTITUTE($D407&""," ","")," ",""),"(주)",""),"（주）",""),"㈜",""),"주식회사",""),"(유)",""),"（유）",""),"유한회사",""))<2,"",SUBSTITUTE(SUBSTITUTE(SUBSTITUTE(SUBSTITUTE(SUBSTITUTE(SUBSTITUTE(SUBSTITUTE(SUBSTITUTE(SUBSTITUTE($D407&""," ","")," ",""),"(주)",""),"（주）",""),"㈜",""),"주식회사",""),"(유)",""),"（유）",""),"유한회사",""))

Sheet 거래처별
A1: 거래처별 — 거래처별 미수 잔액과 경과일 구간 (자동)
A2: ✍ 직접 입력: 없음 (별칭·기초 미수금·조치 상태는 [거래처설정]에 적습니다). 사업자번호를 복사해 [거래처설정]에 붙여넣을 때 이 시트를 보세요.
A3: ⚙ 자동 계산: 세금계산서 거래처를 처음 나온 순서대로 보여 주고, 입금을 이름으로 맞춰 미수 잔액과 30/60/90일 구간을 계산합니다. 정렬된 모습은 [연령분석]에서 보세요.
A7: 번호 | B7: 사업자번호 | C7: 거래처 | D7: 기초 미수금 | E7: 매출 누계 (기준일까지) | F7: 입금 누계 (매칭분) | G7: 미수 잔액 | H7: ="경과 "&설정!$B$6&"일 이내" | I7: ="경과 "&(설정!$B$6+1)&"~"&설정!$B$7&"일" | J7: ="경과 "&(설정!$B$7+1)&"~"&설정!$B$8&"일" | K7: ="경과 "&설정!$B$8&"일 초과" | L7: 최근 입금일 | M7: 조치 상태 | N7: 메모 | O7: 단계 | P7: 판정 | Q7: 점검 | R7: 미수정렬키 | S7: 독촉정렬키 | T7: 설정행 | U7: 위치 | V7: S1(누적) | W7: S2(누적) | X7: S3(누적) | AC7: 별칭1 키 | AD7: 별칭2 키 | AE7: 자동 키
A8: =IF($U8="","",1) | B8: =IF($U8="","",IF(LEN(INDEX(매출원본!$AU$8:$AU$2007,$U8))=10,LEFT(INDEX(매출원본!$AU$8:$AU$2007,$U8),3)&"-"&MID(INDEX(매출원본!$AU$8:$AU$2007,$U8),4,2)&"-"&RIGHT(INDEX(매출원본!$AU$8:$AU$2007,$U8),5),IF(LEFT(INDEX(매출원본!$AU$8:$AU$2007,$U8),2)="N:","(번호 없음)",INDEX(매출원본!$AU$8:$AU$2007,$U8)))) | C8: =IF($U8="","",INDEX(매출원본!$AV$8:$AV$2007,$U8)) | D8: =IF($U8="","",IF($T8="",0,N(INDEX(거래처설정!$E$8:$E$407,$T8)))) | E8: =IF($U8="","",SUMIFS(매출원본!$AT$8:$AT$2007,매출원본!$AY$8:$AY$2007,$A8,매출원본!$AS$8:$AS$2007,"<="&설정!$B$5)) | F8: =IF($U8="","",SUMIFS(입금_은행1!$Z$8:$Z$2007,입금_은행1!$AC$8:$AC$2007,$A8,입금_은행1!$Y$8:$Y$2007,"<="&설정!$B$5)+SUMIFS(입금_은행2!$Z$8:$Z$2007,입금_은행2!$AC$8:$AC$2007,$A8,입금_은행2!$Y$8:$Y$2007,"<="&설정!$B$5)) | G8: =IF($U8="","",$D8+$E8-$F8) | H8: =IF($U8="","",MIN(MAX($G8,0),$V8)) | I8: =IF($U8="","",MIN(MAX($G8,0),$W8)-MIN(MAX($G8,0),$V8)) | J8: =IF($U8="","",MIN(MAX($G8,0),$X8)-MIN(MAX($G8,0),$W8)) | K8: =IF($U8="","",MAX($G8,0)-MIN(MAX($G8,0),$X8)) | L8: =IF($U8="","",IF(MAX(SUMPRODUCT(MAX((입금_은행1!$AC$8:$AC$2007=$A8)*(입금_은행1!$AE$8:$AE$2007<=설정!$B$5)*입금_은행1!$AE$8:$AE$2007)),SUMPRODUCT(MAX((입금_은행2!$AC$8:$AC$2007=$A8)*(입금_은행2!$AE$8:$AE$2007<=설정!$B$5)*입금_은행2!$AE$8:$AE$2007)))=0,"",MAX(SUMPRODUCT(MAX((입금_은행1!$AC$8:$AC$2007=$A8)*(입금_은행1!$AE$8:$AE$2007<=설정!$B$5)*입금_은행1!$AE$8:$AE$2007)),SUMPRODUCT(MAX((입금_은행2!$AC$8:$AC$2007=$A8)*(입금_은행2!$AE$8:$AE$2007<=설정!$B$5)*입금_은행2!$AE$8:$AE$2007))))) | M8: =IF($U8="","",IF($T8="","",IF(INDEX(거래처설정!$F$8:$F$407,$T8)="","",INDEX(거래처설정!$F$8:$F$407,$T8)))) | N8: =IF($U8="","",IF($T8="","",IF(INDEX(거래처설정!$G$8:$G$407,$T8)="","",INDEX(거래처설정!$G$8:$G$407,$T8)))) | O8: =IF($U8="","",IF($M8="제외",0,IF($K8>=설정!$B$9,3,IF($J8+$K8>=설정!$B$9,2,IF($I8+$J8+$K8>=설정!$B$9,1,0))))) | P8: =IF($U8="","",IF($M8="제외","제외(조치 상태)",IF($O8=3,"③ 강한 독촉 후보 ("&설정!$B$8&"일 초과)",IF($O8=2,"② 독촉 후보 ("&설정!$B$7&"일 초과)",IF($O8=1,"① 안내 후보 ("&설정!$B$6&"일 초과)",IF($G8>0,IF($I8+$J8+$K8>0,"오래된 잔액 있음 (최소 금액 미만)","정상 범위"),IF($G8<0,"선수금·초과입금 — 확인","완납"))))))) | Q8: =IF($U8="","",IF($G8<0,"입금이 매출보다 큼 — 선수금이거나 다른 거래처 입금이 섞였는지 확인",IF(AND($AE8<>"",COUNTIF($AE$8:$AE$307,"*"&$AE8&"*")>1),"이름이 다른 거래처와 겹침 — 입금이 잘못 맞았을 수 있으니 별칭 확인",IF(AND($G8>0,$F8=0),"입금 매칭 없음 — 입금자명이 다르면 [거래처설정]에 별칭 등록","")))) | R8: =IF(OR($U8="",$G8<=0),"",$G8-$A8/10000) | S8: =IF(OR($U8="",$O8<1),"",$O8*10^11+$I8+$J8+$K8-$A8/1000) | T8: =IF($U8="","",IFERROR(MATCH(INDEX(매출원본!$AU$8:$AU$2007,$U8),거래처설정!$I$8:$I$407,0),"")) | U8: =IFERROR(MATCH(1,매출원본!$AW$8:$AW$2007,0),"") | V8: =IF($U8="","",MAX(SUMIFS(매출원본!$AT$8:$AT$2007,매출원본!$AY$8:$AY$2007,$A8,매출원본!$AS$8:$AS$2007,">="&(설정!$B$5-설정!$B$6),매출원본!$AS$8:$AS$2007,"<="&설정!$B$5),0)) | W8: =IF($U8="","",MAX($V8,SUMIFS(매출원본!$AT$8:$AT$2007,매출원본!$AY$8:$AY$2007,$A8,매출원본!$AS$8:$AS$2007,">="&(설정!$B$5-설정!$B$7),매출원본!$AS$8:$AS$2007,"<="&설정!$B$5))) | X8: =IF($U8="","",MAX($W8,SUMIFS(매출원본!$AT$8:$AT$2007,매출원본!$AY$8:$AY$2007,$A8,매출원본!$AS$8:$AS$2007,">="&(설정!$B$5-설정!$B$8),매출원본!$AS$8:$AS$2007,"<="&설정!$B$5))) | AC8: =IF(OR($U8="",$T8=""),"",INDEX(거래처설정!$J$8:$J$407,$T8)) | AD8: =IF(OR($U8="",$T8=""),"",INDEX(거래처설정!$K$8:$K$407,$T8)) | AE8: =IF($U8="","",IF(LEN(SUBSTITUTE(SUBSTITUTE(SUBSTITUTE(SUBSTITUTE(SUBSTITUTE(SUBSTITUTE(SUBSTITUTE(SUBSTITUTE(SUBSTITUTE($C8," ","")," ",""),"(주)",""),"（주）",""),"㈜",""),"주식회사",""),"(유)",""),"（유）",""),"유한회사",""))<2,"",SUBSTITUTE(SUBSTITUTE(SUBSTITUTE(SUBSTITUTE(SUBSTITUTE(SUBSTITUTE(SUBSTITUTE(SUBSTITUTE(SUBSTITUTE($C8," ","")," ",""),"(주)",""),"（주）",""),"㈜",""),"주식회사",""),"(유)",""),"（유）",""),"유한회사","")))
A9: =IF($U9="","",2) | B9: =IF($U9="","",IF(LEN(INDEX(매출원본!$AU$8:$AU$2007,$U9))=10,LEFT(INDEX(매출원본!$AU$8:$AU$2007,$U9),3)&"-"&MID(INDEX(매출원본!$AU$8:$AU$2007,$U9),4,2)&"-"&RIGHT(INDEX(매출원본!$AU$8:$AU$2007,$U9),5),IF(LEFT(INDEX(매출원본!$AU$8:$AU$2007,$U9),2)="N:","(번호 없음)",INDEX(매출원본!$AU$8:$AU$2007,$U9)))) | C9: =IF($U9="","",INDEX(매출원본!$AV$8:$AV$2007,$U9)) | D9: =IF($U9="","",IF($T9="",0,N(INDEX(거래처설정!$E$8:$E$407,$T9)))) | E9: =IF($U9="","",SUMIFS(매출원본!$AT$8:$AT$2007,매출원본!$AY$8:$AY$2007,$A9,매출원본!$AS$8:$AS$2007,"<="&설정!$B$5)) | F9: =IF($U9="","",SUMIFS(입금_은행1!$Z$8:$Z$2007,입금_은행1!$AC$8:$AC$2007,$A9,입금_은행1!$Y$8:$Y$2007,"<="&설정!$B$5)+SUMIFS(입금_은행2!$Z$8:$Z$2007,입금_은행2!$AC$8:$AC$2007,$A9,입금_은행2!$Y$8:$Y$2007,"<="&설정!$B$5)) | G9: =IF($U9="","",$D9+$E9-$F9) | H9: =IF($U9="","",MIN(MAX($G9,0),$V9)) | I9: =IF($U9="","",MIN(MAX($G9,0),$W9)-MIN(MAX($G9,0),$V9)) | J9: =IF($U9="","",MIN(MAX($G9,0),$X9)-MIN(MAX($G9,0),$W9)) | K9: =IF($U9="","",MAX($G9,0)-MIN(MAX($G9,0),$X9)) | L9: =IF($U9="","",IF(MAX(SUMPRODUCT(MAX((입금_은행1!$AC$8:$AC$2007=$A9)*(입금_은행1!$AE$8:$AE$2007<=설정!$B$5)*입금_은행1!$AE$8:$AE$2007)),SUMPRODUCT(MAX((입금_은행2!$AC$8:$AC$2007=$A9)*(입금_은행2!$AE$8:$AE$2007<=설정!$B$5)*입금_은행2!$AE$8:$AE$2007)))=0,"",MAX(SUMPRODUCT(MAX((입금_은행1!$AC$8:$AC$2007=$A9)*(입금_은행1!$AE$8:$AE$2007<=설정!$B$5)*입금_은행1!$AE$8:$AE$2007)),SUMPRODUCT(MAX((입금_은행2!$AC$8:$AC$2007=$A9)*(입금_은행2!$AE$8:$AE$2007<=설정!$B$5)*입금_은행2!$AE$8:$AE$2007))))) | M9: =IF($U9="","",IF($T9="","",IF(INDEX(거래처설정!$F$8:$F$407,$T9)="","",INDEX(거래처설정!$F$8:$F$407,$T9)))) | N9: =IF($U9="","",IF($T9="","",IF(INDEX(거래처설정!$G$8:$G$407,$T9)="","",INDEX(거래처설정!$G$8:$G$407,$T9)))) | O9: =IF($U9="","",IF($M9="제외",0,IF($K9>=설정!$B$9,3,IF($J9+$K9>=설정!$B$9,2,IF($I9+$J9+$K9>=설정!$B$9,1,0))))) | P9: =IF($U9="","",IF($M9="제외","제외(조치 상태)",IF($O9=3,"③ 강한 독촉 후보 ("&설정!$B$8&"일 초과)",IF($O9=2,"② 독촉 후보 ("&설정!$B$7&"일 초과)",IF($O9=1,"① 안내 후보 ("&설정!$B$6&"일 초과)",IF($G9>0,IF($I9+$J9+$K9>0,"오래된 잔액 있음 (최소 금액 미만)","정상 범위"),IF($G9<0,"선수금·초과입금 — 확인","완납"))))))) | Q9: =IF($U9="","",IF($G9<0,"입금이 매출보다 큼 — 선수금이거나 다른 거래처 입금이 섞였는지 확인",IF(AND($AE9<>"",COUNTIF($AE$8:$AE$307,"*"&$AE9&"*")>1),"이름이 다른 거래처와 겹침 — 입금이 잘못 맞았을 수 있으니 별칭 확인",IF(AND($G9>0,$F9=0),"입금 매칭 없음 — 입금자명이 다르면 [거래처설정]에 별칭 등록","")))) | R9: =IF(OR($U9="",$G9<=0),"",$G9-$A9/10000) | S9: =IF(OR($U9="",$O9<1),"",$O9*10^11+$I9+$J9+$K9-$A9/1000) | T9: =IF($U9="","",IFERROR(MATCH(INDEX(매출원본!$AU$8:$AU$2007,$U9),거래처설정!$I$8:$I$407,0),"")) | U9: =IFERROR(MATCH(2,매출원본!$AW$8:$AW$2007,0),"") | V9: =IF($U9="","",MAX(SUMIFS(매출원본!$AT$8:$AT$2007,매출원본!$AY$8:$AY$2007,$A9,매출원본!$AS$8:$AS$2007,">="&(설정!$B$5-설정!$B$6),매출원본!$AS$8:$AS$2007,"<="&설정!$B$5),0)) | W9: =IF($U9="","",MAX($V9,SUMIFS(매출원본!$AT$8:$AT$2007,매출원본!$AY$8:$AY$2007,$A9,매출원본!$AS$8:$AS$2007,">="&(설정!$B$5-설정!$B$7),매출원본!$AS$8:$AS$2007,"<="&설정!$B$5))) | X9: =IF($U9="","",MAX($W9,SUMIFS(매출원본!$AT$8:$AT$2007,매출원본!$AY$8:$AY$2007,$A9,매출원본!$AS$8:$AS$2007,">="&(설정!$B$5-설정!$B$8),매출원본!$AS$8:$AS$2007,"<="&설정!$B$5))) | AC9: =IF(OR($U9="",$T9=""),"",INDEX(거래처설정!$J$8:$J$407,$T9)) | AD9: =IF(OR($U9="",$T9=""),"",INDEX(거래처설정!$K$8:$K$407,$T9)) | AE9: =IF($U9="","",IF(LEN(SUBSTITUTE(SUBSTITUTE(SUBSTITUTE(SUBSTITUTE(SUBSTITUTE(SUBSTITUTE(SUBSTITUTE(SUBSTITUTE(SUBSTITUTE($C9," ","")," ",""),"(주)",""),"（주）",""),"㈜",""),"주식회사",""),"(유)",""),"（유）",""),"유한회사",""))<2,"",SUBSTITUTE(SUBSTITUTE(SUBSTITUTE(SUBSTITUTE(SUBSTITUTE(SUBSTITUTE(SUBSTITUTE(SUBSTITUTE(SUBSTITUTE($C9," ","")," ",""),"(주)",""),"（주）",""),"㈜",""),"주식회사",""),"(유)",""),"（유）",""),"유한회사","")))
A10: =IF($U10="","",3) | B10: =IF($U10="","",IF(LEN(INDEX(매출원본!$AU$8:$AU$2007,$U10))=10,LEFT(INDEX(매출원본!$AU$8:$AU$2007,$U10),3)&"-"&MID(INDEX(매출원본!$AU$8:$AU$2007,$U10),4,2)&"-"&RIGHT(INDEX(매출원본!$AU$8:$AU$2007,$U10),5),IF(LEFT(INDEX(매출원본!$AU$8:$AU$2007,$U10),2)="N:","(번호 없음)",INDEX(매출원본!$AU$8:$AU$2007,$U10)))) | C10: =IF($U10="","",INDEX(매출원본!$AV$8:$AV$2007,$U10)) | D10: =IF($U10="","",IF($T10="",0,N(INDEX(거래처설정!$E$8:$E$407,$T10)))) | E10: =IF($U10="","",SUMIFS(매출원본!$AT$8:$AT$2007,매출원본!$AY$8:$AY$2007,$A10,매출원본!$AS$8:$AS$2007,"<="&설정!$B$5)) | F10: =IF($U10="","",SUMIFS(입금_은행1!$Z$8:$Z$2007,입금_은행1!$AC$8:$AC$2007,$A10,입금_은행1!$Y$8:$Y$2007,"<="&설정!$B$5)+SUMIFS(입금_은행2!$Z$8:$Z$2007,입금_은행2!$AC$8:$AC$2007,$A10,입금_은행2!$Y$8:$Y$2007,"<="&설정!$B$5)) | G10: =IF($U10="","",$D10+$E10-$F10) | H10: =IF($U10="","",MIN(MAX($G10,0),$V10)) | I10: =IF($U10="","",MIN(MAX($G10,0),$W10)-MIN(MAX($G10,0),$V10)) | J10: =IF($U10="","",MIN(MAX($G10,0),$X10)-MIN(MAX($G10,0),$W10)) | K10: =IF($U10="","",MAX($G10,0)-MIN(MAX($G10,0),$X10)) | L10: =IF($U10="","",IF(MAX(SUMPRODUCT(MAX((입금_은행1!$AC$8:$AC$2007=$A10)*(입금_은행1!$AE$8:$AE$2007<=설정!$B$5)*입금_은행1!$AE$8:$AE$2007)),SUMPRODUCT(MAX((입금_은행2!$AC$8:$AC$2007=$A10)*(입금_은행2!$AE$8:$AE$2007<=설정!$B$5)*입금_은행2!$AE$8:$AE$2007)))=0,"",MAX(SUMPRODUCT(MAX((입금_은행1!$AC$8:$AC$2007=$A10)*(입금_은행1!$AE$8:$AE$2007<=설정!$B$5)*입금_은행1!$AE$8:$AE$2007)),SUMPRODUCT(MAX((입금_은행2!$AC$8:$AC$2007=$A10)*(입금_은행2!$AE$8:$AE$2007<=설정!$B$5)*입금_은행2!$AE$8:$AE$2007))))) | M10: =IF($U10="","",IF($T10="","",IF(INDEX(거래처설정!$F$8:$F$407,$T10)="","",INDEX(거래처설정!$F$8:$F$407,$T10)))) | N10: =IF($U10="","",IF($T10="","",IF(INDEX(거래처설정!$G$8:$G$407,$T10)="","",INDEX(거래처설정!$G$8:$G$407,$T10)))) | O10: =IF($U10="","",IF($M10="제외",0,IF($K10>=설정!$B$9,3,IF($J10+$K10>=설정!$B$9,2,IF($I10+$J10+$K10>=설정!$B$9,1,0))))) | P10: =IF($U10="","",IF($M10="제외","제외(조치 상태)",IF($O10=3,"③ 강한 독촉 후보 ("&설정!$B$8&"일 초과)",IF($O10=2,"② 독촉 후보 ("&설정!$B$7&"일 초과)",IF($O10=1,"① 안내 후보 ("&설정!$B$6&"일 초과)",IF($G10>0,IF($I10+$J10+$K10>0,"오래된 잔액 있음 (최소 금액 미만)","정상 범위"),IF($G10<0,"선수금·초과입금 — 확인","완납"))))))) | Q10: =IF($U10="","",IF($G10<0,"입금이 매출보다 큼 — 선수금이거나 다른 거래처 입금이 섞였는지 확인",IF(AND($AE10<>"",COUNTIF($AE$8:$AE$307,"*"&$AE10&"*")>1),"이름이 다른 거래처와 겹침 — 입금이 잘못 맞았을 수 있으니 별칭 확인",IF(AND($G10>0,$F10=0),"입금 매칭 없음 — 입금자명이 다르면 [거래처설정]에 별칭 등록","")))) | R10: =IF(OR($U10="",$G10<=0),"",$G10-$A10/10000) | S10: =IF(OR($U10="",$O10<1),"",$O10*10^11+$I10+$J10+$K10-$A10/1000) | T10: =IF($U10="","",IFERROR(MATCH(INDEX(매출원본!$AU$8:$AU$2007,$U10),거래처설정!$I$8:$I$407,0),"")) | U10: =IFERROR(MATCH(3,매출원본!$AW$8:$AW$2007,0),"") | V10: =IF($U10="","",MAX(SUMIFS(매출원본!$AT$8:$AT$2007,매출원본!$AY$8:$AY$2007,$A10,매출원본!$AS$8:$AS$2007,">="&(설정!$B$5-설정!$B$6),매출원본!$AS$8:$AS$2007,"<="&설정!$B$5),0)) | W10: =IF($U10="","",MAX($V10,SUMIFS(매출원본!$AT$8:$AT$2007,매출원본!$AY$8:$AY$2007,$A10,매출원본!$AS$8:$AS$2007,">="&(설정!$B$5-설정!$B$7),매출원본!$AS$8:$AS$2007,"<="&설정!$B$5))) | X10: =IF($U10="","",MAX($W10,SUMIFS(매출원본!$AT$8:$AT$2007,매출원본!$AY$8:$AY$2007,$A10,매출원본!$AS$8:$AS$2007,">="&(설정!$B$5-설정!$B$8),매출원본!$AS$8:$AS$2007,"<="&설정!$B$5))) | AC10: =IF(OR($U10="",$T10=""),"",INDEX(거래처설정!$J$8:$J$407,$T10)) | AD10: =IF(OR($U10="",$T10=""),"",INDEX(거래처설정!$K$8:$K$407,$T10)) | AE10: =IF($U10="","",IF(LEN(SUBSTITUTE(SUBSTITUTE(SUBSTITUTE(SUBSTITUTE(SUBSTITUTE(SUBSTITUTE(SUBSTITUTE(SUBSTITUTE(SUBSTITUTE($C10," ","")," ",""),"(주)",""),"（주）",""),"㈜",""),"주식회사",""),"(유)",""),"（유）",""),"유한회사",""))<2,"",SUBSTITUTE(SUBSTITUTE(SUBSTITUTE(SUBSTITUTE(SUBSTITUTE(SUBSTITUTE(SUBSTITUTE(SUBSTITUTE(SUBSTITUTE($C10," ","")," ",""),"(주)",""),"（주）",""),"㈜",""),"주식회사",""),"(유)",""),"（유）",""),"유한회사","")))
A11: =IF($U11="","",4) | B11: =IF($U11="","",IF(LEN(INDEX(매출원본!$AU$8:$AU$2007,$U11))=10,LEFT(INDEX(매출원본!$AU$8:$AU$2007,$U11),3)&"-"&MID(INDEX(매출원본!$AU$8:$AU$2007,$U11),4,2)&"-"&RIGHT(INDEX(매출원본!$AU$8:$AU$2007,$U11),5),IF(LEFT(INDEX(매출원본!$AU$8:$AU$2007,$U11),2)="N:","(번호 없음)",INDEX(매출원본!$AU$8:$AU$2007,$U11)))) | C11: =IF($U11="","",INDEX(매출원본!$AV$8:$AV$2007,$U11)) | D11: =IF($U11="","",IF($T11="",0,N(INDEX(거래처설정!$E$8:$E$407,$T11)))) | E11: =IF($U11="","",SUMIFS(매출원본!$AT$8:$AT$2007,매출원본!$AY$8:$AY$2007,$A11,매출원본!$AS$8:$AS$2007,"<="&설정!$B$5)) | F11: =IF($U11="","",SUMIFS(입금_은행1!$Z$8:$Z$2007,입금_은행1!$AC$8:$AC$2007,$A11,입금_은행1!$Y$8:$Y$2007,"<="&설정!$B$5)+SUMIFS(입금_은행2!$Z$8:$Z$2007,입금_은행2!$AC$8:$AC$2007,$A11,입금_은행2!$Y$8:$Y$2007,"<="&설정!$B$5)) | G11: =IF($U11="","",$D11+$E11-$F11) | H11: =IF($U11="","",MIN(MAX($G11,0),$V11)) | I11: =IF($U11="","",MIN(MAX($G11,0),$W11)-MIN(MAX($G11,0),$V11)) | J11: =IF($U11="","",MIN(MAX($G11,0),$X11)-MIN(MAX($G11,0),$W11)) | K11: =IF($U11="","",MAX($G11,0)-MIN(MAX($G11,0),$X11)) | L11: =IF($U11="","",IF(MAX(SUMPRODUCT(MAX((입금_은행1!$AC$8:$AC$2007=$A11)*(입금_은행1!$AE$8:$AE$2007<=설정!$B$5)*입금_은행1!$AE$8:$AE$2007)),SUMPRODUCT(MAX((입금_은행2!$AC$8:$AC$2007=$A11)*(입금_은행2!$AE$8:$AE$2007<=설정!$B$5)*입금_은행2!$AE$8:$AE$2007)))=0,"",MAX(SUMPRODUCT(MAX((입금_은행1!$AC$8:$AC$2007=$A11)*(입금_은행1!$AE$8:$AE$2007<=설정!$B$5)*입금_은행1!$AE$8:$AE$2007)),SUMPRODUCT(MAX((입금_은행2!$AC$8:$AC$2007=$A11)*(입금_은행2!$AE$8:$AE$2007<=설정!$B$5)*입금_은행2!$AE$8:$AE$2007))))) | M11: =IF($U11="","",IF($T11="","",IF(INDEX(거래처설정!$F$8:$F$407,$T11)="","",INDEX(거래처설정!$F$8:$F$407,$T11)))) | N11: =IF($U11="","",IF($T11="","",IF(INDEX(거래처설정!$G$8:$G$407,$T11)="","",INDEX(거래처설정!$G$8:$G$407,$T11)))) | O11: =IF($U11="","",IF($M11="제외",0,IF($K11>=설정!$B$9,3,IF($J11+$K11>=설정!$B$9,2,IF($I11+$J11+$K11>=설정!$B$9,1,0))))) | P11: =IF($U11="","",IF($M11="제외","제외(조치 상태)",IF($O11=3,"③ 강한 독촉 후보 ("&설정!$B$8&"일 초과)",IF($O11=2,"② 독촉 후보 ("&설정!$B$7&"일 초과)",IF($O11=1,"① 안내 후보 ("&설정!$B$6&"일 초과)",IF($G11>0,IF($I11+$J11+$K11>0,"오래된 잔액 있음 (최소 금액 미만)","정상 범위"),IF($G11<0,"선수금·초과입금 — 확인","완납"))))))) | Q11: =IF($U11="","",IF($G11<0,"입금이 매출보다 큼 — 선수금이거나 다른 거래처 입금이 섞였는지 확인",IF(AND($AE11<>"",COUNTIF($AE$8:$AE$307,"*"&$AE11&"*")>1),"이름이 다른 거래처와 겹침 — 입금이 잘못 맞았을 수 있으니 별칭 확인",IF(AND($G11>0,$F11=0),"입금 매칭 없음 — 입금자명이 다르면 [거래처설정]에 별칭 등록","")))) | R11: =IF(OR($U11="",$G11<=0),"",$G11-$A11/10000) | S11: =IF(OR($U11="",$O11<1),"",$O11*10^11+$I11+$J11+$K11-$A11/1000) | T11: =IF($U11="","",IFERROR(MATCH(INDEX(매출원본!$AU$8:$AU$2007,$U11),거래처설정!$I$8:$I$407,0),"")) | U11: =IFERROR(MATCH(4,매출원본!$AW$8:$AW$2007,0),"") | V11: =IF($U11="","",MAX(SUMIFS(매출원본!$AT$8:$AT$2007,매출원본!$AY$8:$AY$2007,$A11,매출원본!$AS$8:$AS$2007,">="&(설정!$B$5-설정!$B$6),매출원본!$AS$8:$AS$2007,"<="&설정!$B$5),0)) | W11: =IF($U11="","",MAX($V11,SUMIFS(매출원본!$AT$8:$AT$2007,매출원본!$AY$8:$AY$2007,$A11,매출원본!$AS$8:$AS$2007,">="&(설정!$B$5-설정!$B$7),매출원본!$AS$8:$AS$2007,"<="&설정!$B$5))) | X11: =IF($U11="","",MAX($W11,SUMIFS(매출원본!$AT$8:$AT$2007,매출원본!$AY$8:$AY$2007,$A11,매출원본!$AS$8:$AS$2007,">="&(설정!$B$5-설정!$B$8),매출원본!$AS$8:$AS$2007,"<="&설정!$B$5))) | AC11: =IF(OR($U11="",$T11=""),"",INDEX(거래처설정!$J$8:$J$407,$T11)) | AD11: =IF(OR($U11="",$T11=""),"",INDEX(거래처설정!$K$8:$K$407,$T11)) | AE11: =IF($U11="","",IF(LEN(SUBSTITUTE(SUBSTITUTE(SUBSTITUTE(SUBSTITUTE(SUBSTITUTE(SUBSTITUTE(SUBSTITUTE(SUBSTITUTE(SUBSTITUTE($C11," ","")," ",""),"(주)",""),"（주）",""),"㈜",""),"주식회사",""),"(유)",""),"（유）",""),"유한회사",""))<2,"",SUBSTITUTE(SUBSTITUTE(SUBSTITUTE(SUBSTITUTE(SUBSTITUTE(SUBSTITUTE(SUBSTITUTE(SUBSTITUTE(SUBSTITUTE($C11," ","")," ",""),"(주)",""),"（주）",""),"㈜",""),"주식회사",""),"(유)",""),"（유）",""),"유한회사","")))
A12: =IF($U12="","",5) | B12: =IF($U12="","",IF(LEN(INDEX(매출원본!$AU$8:$AU$2007,$U12))=10,LEFT(INDEX(매출원본!$AU$8:$AU$2007,$U12),3)&"-"&MID(INDEX(매출원본!$AU$8:$AU$2007,$U12),4,2)&"-"&RIGHT(INDEX(매출원본!$AU$8:$AU$2007,$U12),5),IF(LEFT(INDEX(매출원본!$AU$8:$AU$2007,$U12),2)="N:","(번호 없음)",INDEX(매출원본!$AU$8:$AU$2007,$U12)))) | C12: =IF($U12="","",INDEX(매출원본!$AV$8:$AV$2007,$U12)) | D12: =IF($U12="","",IF($T12="",0,N(INDEX(거래처설정!$E$8:$E$407,$T12)))) | E12: =IF($U12="","",SUMIFS(매출원본!$AT$8:$AT$2007,매출원본!$AY$8:$AY$2007,$A12,매출원본!$AS$8:$AS$2007,"<="&설정!$B$5)) | F12: =IF($U12="","",SUMIFS(입금_은행1!$Z$8:$Z$2007,입금_은행1!$AC$8:$AC$2007,$A12,입금_은행1!$Y$8:$Y$2007,"<="&설정!$B$5)+SUMIFS(입금_은행2!$Z$8:$Z$2007,입금_은행2!$AC$8:$AC$2007,$A12,입금_은행2!$Y$8:$Y$2007,"<="&설정!$B$5)) | G12: =IF($U12="","",$D12+$E12-$F12) | H12: =IF($U12="","",MIN(MAX($G12,0),$V12)) | I12: =IF($U12="","",MIN(MAX($G12,0),$W12)-MIN(MAX($G12,0),$V12)) | J12: =IF($U12="","",MIN(MAX($G12,0),$X12)-MIN(MAX($G12,0),$W12)) | K12: =IF($U12="","",MAX($G12,0)-MIN(MAX($G12,0),$X12)) | L12: =IF($U12="","",IF(MAX(SUMPRODUCT(MAX((입금_은행1!$AC$8:$AC$2007=$A12)*(입금_은행1!$AE$8:$AE$2007<=설정!$B$5)*입금_은행1!$AE$8:$AE$2007)),SUMPRODUCT(MAX((입금_은행2!$AC$8:$AC$2007=$A12)*(입금_은행2!$AE$8:$AE$2007<=설정!$B$5)*입금_은행2!$AE$8:$AE$2007)))=0,"",MAX(SUMPRODUCT(MAX((입금_은행1!$AC$8:$AC$2007=$A12)*(입금_은행1!$AE$8:$AE$2007<=설정!$B$5)*입금_은행1!$AE$8:$AE$2007)),SUMPRODUCT(MAX((입금_은행2!$AC$8:$AC$2007=$A12)*(입금_은행2!$AE$8:$AE$2007<=설정!$B$5)*입금_은행2!$AE$8:$AE$2007))))) | M12: =IF($U12="","",IF($T12="","",IF(INDEX(거래처설정!$F$8:$F$407,$T12)="","",INDEX(거래처설정!$F$8:$F$407,$T12)))) | N12: =IF($U12="","",IF($T12="","",IF(INDEX(거래처설정!$G$8:$G$407,$T12)="","",INDEX(거래처설정!$G$8:$G$407,$T12)))) | O12: =IF($U12="","",IF($M12="제외",0,IF($K12>=설정!$B$9,3,IF($J12+$K12>=설정!$B$9,2,IF($I12+$J12+$K12>=설정!$B$9,1,0))))) | P12: =IF($U12="","",IF($M12="제외","제외(조치 상태)",IF($O12=3,"③ 강한 독촉 후보 ("&설정!$B$8&"일 초과)",IF($O12=2,"② 독촉 후보 ("&설정!$B$7&"일 초과)",IF($O12=1,"① 안내 후보 ("&설정!$B$6&"일 초과)",IF($G12>0,IF($I12+$J12+$K12>0,"오래된 잔액 있음 (최소 금액 미만)","정상 범위"),IF($G12<0,"선수금·초과입금 — 확인","완납"))))))) | Q12: =IF($U12="","",IF($G12<0,"입금이 매출보다 큼 — 선수금이거나 다른 거래처 입금이 섞였는지 확인",IF(AND($AE12<>"",COUNTIF($AE$8:$AE$307,"*"&$AE12&"*")>1),"이름이 다른 거래처와 겹침 — 입금이 잘못 맞았을 수 있으니 별칭 확인",IF(AND($G12>0,$F12=0),"입금 매칭 없음 — 입금자명이 다르면 [거래처설정]에 별칭 등록","")))) | R12: =IF(OR($U12="",$G12<=0),"",$G12-$A12/10000) | S12: =IF(OR($U12="",$O12<1),"",$O12*10^11+$I12+$J12+$K12-$A12/1000) | T12: =IF($U12="","",IFERROR(MATCH(INDEX(매출원본!$AU$8:$AU$2007,$U12),거래처설정!$I$8:$I$407,0),"")) | U12: =IFERROR(MATCH(5,매출원본!$AW$8:$AW$2007,0),"") | V12: =IF($U12="","",MAX(SUMIFS(매출원본!$AT$8:$AT$2007,매출원본!$AY$8:$AY$2007,$A12,매출원본!$AS$8:$AS$2007,">="&(설정!$B$5-설정!$B$6),매출원본!$AS$8:$AS$2007,"<="&설정!$B$5),0)) | W12: =IF($U12="","",MAX($V12,SUMIFS(매출원본!$AT$8:$AT$2007,매출원본!$AY$8:$AY$2007,$A12,매출원본!$AS$8:$AS$2007,">="&(설정!$B$5-설정!$B$7),매출원본!$AS$8:$AS$2007,"<="&설정!$B$5))) | X12: =IF($U12="","",MAX($W12,SUMIFS(매출원본!$AT$8:$AT$2007,매출원본!$AY$8:$AY$2007,$A12,매출원본!$AS$8:$AS$2007,">="&(설정!$B$5-설정!$B$8),매출원본!$AS$8:$AS$2007,"<="&설정!$B$5))) | AC12: =IF(OR($U12="",$T12=""),"",INDEX(거래처설정!$J$8:$J$407,$T12)) | AD12: =IF(OR($U12="",$T12=""),"",INDEX(거래처설정!$K$8:$K$407,$T12)) | AE12: =IF($U12="","",IF(LEN(SUBSTITUTE(SUBSTITUTE(SUBSTITUTE(SUBSTITUTE(SUBSTITUTE(SUBSTITUTE(SUBSTITUTE(SUBSTITUTE(SUBSTITUTE($C12," ","")," ",""),"(주)",""),"（주）",""),"㈜",""),"주식회사",""),"(유)",""),"（유）",""),"유한회사",""))<2,"",SUBSTITUTE(SUBSTITUTE(SUBSTITUTE(SUBSTITUTE(SUBSTITUTE(SUBSTITUTE(SUBSTITUTE(SUBSTITUTE(SUBSTITUTE($C12," ","")," ",""),"(주)",""),"（주）",""),"㈜",""),"주식회사",""),"(유)",""),"（유）",""),"유한회사","")))
A13: =IF($U13="","",6) | B13: =IF($U13="","",IF(LEN(INDEX(매출원본!$AU$8:$AU$2007,$U13))=10,LEFT(INDEX(매출원본!$AU$8:$AU$2007,$U13),3)&"-"&MID(INDEX(매출원본!$AU$8:$AU$2007,$U13),4,2)&"-"&RIGHT(INDEX(매출원본!$AU$8:$AU$2007,$U13),5),IF(LEFT(INDEX(매출원본!$AU$8:$AU$2007,$U13),2)="N:","(번호 없음)",INDEX(매출원본!$AU$8:$AU$2007,$U13)))) | C13: =IF($U13="","",INDEX(매출원본!$AV$8:$AV$2007,$U13)) | D13: =IF($U13="","",IF($T13="",0,N(INDEX(거래처설정!$E$8:$E$407,$T13)))) | E13: =IF($U13="","",SUMIFS(매출원본!$AT$8:$AT$2007,매출원본!$AY$8:$AY$2007,$A13,매출원본!$AS$8:$AS$2007,"<="&설정!$B$5)) | F13: =IF($U13="","",SUMIFS(입금_은행1!$Z$8:$Z$2007,입금_은행1!$AC$8:$AC$2007,$A13,입금_은행1!$Y$8:$Y$2007,"<="&설정!$B$5)+SUMIFS(입금_은행2!$Z$8:$Z$2007,입금_은행2!$AC$8:$AC$2007,$A13,입금_은행2!$Y$8:$Y$2007,"<="&설정!$B$5)) | G13: =IF($U13="","",$D13+$E13-$F13) | H13: =IF($U13="","",MIN(MAX($G13,0),$V13)) | I13: =IF($U13="","",MIN(MAX($G13,0),$W13)-MIN(MAX($G13,0),$V13)) | J13: =IF($U13="","",MIN(MAX($G13,0),$X13)-MIN(MAX($G13,0),$W13)) | K13: =IF($U13="","",MAX($G13,0)-MIN(MAX($G13,0),$X13)) | L13: =IF($U13="","",IF(MAX(SUMPRODUCT(MAX((입금_은행1!$AC$8:$AC$2007=$A13)*(입금_은행1!$AE$8:$AE$2007<=설정!$B$5)*입금_은행1!$AE$8:$AE$2007)),SUMPRODUCT(MAX((입금_은행2!$AC$8:$AC$2007=$A13)*(입금_은행2!$AE$8:$AE$2007<=설정!$B$5)*입금_은행2!$AE$8:$AE$2007)))=0,"",MAX(SUMPRODUCT(MAX((입금_은행1!$AC$8:$AC$2007=$A13)*(입금_은행1!$AE$8:$AE$2007<=설정!$B$5)*입금_은행1!$AE$8:$AE$2007)),SUMPRODUCT(MAX((입금_은행2!$AC$8:$AC$2007=$A13)*(입금_은행2!$AE$8:$AE$2007<=설정!$B$5)*입금_은행2!$AE$8:$AE$2007))))) | M13: =IF($U13="","",IF($T13="","",IF(INDEX(거래처설정!$F$8:$F$407,$T13)="","",INDEX(거래처설정!$F$8:$F$407,$T13)))) | N13: =IF($U13="","",IF($T13="","",IF(INDEX(거래처설정!$G$8:$G$407,$T13)="","",INDEX(거래처설정!$G$8:$G$407,$T13)))) | O13: =IF($U13="","",IF($M13="제외",0,IF($K13>=설정!$B$9,3,IF($J13+$K13>=설정!$B$9,2,IF($I13+$J13+$K13>=설정!$B$9,1,0))))) | P13: =IF($U13="","",IF($M13="제외","제외(조치 상태)",IF($O13=3,"③ 강한 독촉 후보 ("&설정!$B$8&"일 초과)",IF($O13=2,"② 독촉 후보 ("&설정!$B$7&"일 초과)",IF($O13=1,"① 안내 후보 ("&설정!$B$6&"일 초과)",IF($G13>0,IF($I13+$J13+$K13>0,"오래된 잔액 있음 (최소 금액 미만)","정상 범위"),IF($G13<0,"선수금·초과입금 — 확인","완납"))))))) | Q13: =IF($U13="","",IF($G13<0,"입금이 매출보다 큼 — 선수금이거나 다른 거래처 입금이 섞였는지 확인",IF(AND($AE13<>"",COUNTIF($AE$8:$AE$307,"*"&$AE13&"*")>1),"이름이 다른 거래처와 겹침 — 입금이 잘못 맞았을 수 있으니 별칭 확인",IF(AND($G13>0,$F13=0),"입금 매칭 없음 — 입금자명이 다르면 [거래처설정]에 별칭 등록","")))) | R13: =IF(OR($U13="",$G13<=0),"",$G13-$A13/10000) | S13: =IF(OR($U13="",$O13<1),"",$O13*10^11+$I13+$J13+$K13-$A13/1000) | T13: =IF($U13="","",IFERROR(MATCH(INDEX(매출원본!$AU$8:$AU$2007,$U13),거래처설정!$I$8:$I$407,0),"")) | U13: =IFERROR(MATCH(6,매출원본!$AW$8:$AW$2007,0),"") | V13: =IF($U13="","",MAX(SUMIFS(매출원본!$AT$8:$AT$2007,매출원본!$AY$8:$AY$2007,$A13,매출원본!$AS$8:$AS$2007,">="&(설정!$B$5-설정!$B$6),매출원본!$AS$8:$AS$2007,"<="&설정!$B$5),0)) | W13: =IF($U13="","",MAX($V13,SUMIFS(매출원본!$AT$8:$AT$2007,매출원본!$AY$8:$AY$2007,$A13,매출원본!$AS$8:$AS$2007,">="&(설정!$B$5-설정!$B$7),매출원본!$AS$8:$AS$2007,"<="&설정!$B$5))) | X13: =IF($U13="","",MAX($W13,SUMIFS(매출원본!$AT$8:$AT$2007,매출원본!$AY$8:$AY$2007,$A13,매출원본!$AS$8:$AS$2007,">="&(설정!$B$5-설정!$B$8),매출원본!$AS$8:$AS$2007,"<="&설정!$B$5))) | AC13: =IF(OR($U13="",$T13=""),"",INDEX(거래처설정!$J$8:$J$407,$T13)) | AD13: =IF(OR($U13="",$T13=""),"",INDEX(거래처설정!$K$8:$K$407,$T13)) | AE13: =IF($U13="","",IF(LEN(SUBSTITUTE(SUBSTITUTE(SUBSTITUTE(SUBSTITUTE(SUBSTITUTE(SUBSTITUTE(SUBSTITUTE(SUBSTITUTE(SUBSTITUTE($C13," ","")," ",""),"(주)",""),"（주）",""),"㈜",""),"주식회사",""),"(유)",""),"（유）",""),"유한회사",""))<2,"",SUBSTITUTE(SUBSTITUTE(SUBSTITUTE(SUBSTITUTE(SUBSTITUTE(SUBSTITUTE(SUBSTITUTE(SUBSTITUTE(SUBSTITUTE($C13," ","")," ",""),"(주)",""),"（주）",""),"㈜",""),"주식회사",""),"(유)",""),"（유）",""),"유한회사","")))
A14: =IF($U14="","",7) | B14: =IF($U14="","",IF(LEN(INDEX(매출원본!$AU$8:$AU$2007,$U14))=10,LEFT(INDEX(매출원본!$AU$8:$AU$2007,$U14),3)&"-"&MID(INDEX(매출원본!$AU$8:$AU$2007,$U14),4,2)&"-"&RIGHT(INDEX(매출원본!$AU$8:$AU$2007,$U14),5),IF(LEFT(INDEX(매출원본!$AU$8:$AU$2007,$U14),2)="N:","(번호 없음)",INDEX(매출원본!$AU$8:$AU$2007,$U14)))) | C14: =IF($U14="","",INDEX(매출원본!$AV$8:$AV$2007,$U14)) | D14: =IF($U14="","",IF($T14="",0,N(INDEX(거래처설정!$E$8:$E$407,$T14)))) | E14: =IF($U14="","",SUMIFS(매출원본!$AT$8:$AT$2007,매출원본!$AY$8:$AY$2007,$A14,매출원본!$AS$8:$AS$2007,"<="&설정!$B$5)) | F14: =IF($U14="","",SUMIFS(입금_은행1!$Z$8:$Z$2007,입금_은행1!$AC$8:$AC$2007,$A14,입금_은행1!$Y$8:$Y$2007,"<="&설정!$B$5)+SUMIFS(입금_은행2!$Z$8:$Z$2007,입금_은행2!$AC$8:$AC$2007,$A14,입금_은행2!$Y$8:$Y$2007,"<="&설정!$B$5)) | G14: =IF($U14="","",$D14+$E14-$F14) | H14: =IF($U14="","",MIN(MAX($G14,0),$V14)) | I14: =IF($U14="","",MIN(MAX($G14,0),$W14)-MIN(MAX($G14,0),$V14)) | J14: =IF($U14="","",MIN(MAX($G14,0),$X14)-MIN(MAX($G14,0),$W14)) | K14: =IF($U14="","",MAX($G14,0)-MIN(MAX($G14,0),$X14)) | L14: =IF($U14="","",IF(MAX(SUMPRODUCT(MAX((입금_은행1!$AC$8:$AC$2007=$A14)*(입금_은행1!$AE$8:$AE$2007<=설정!$B$5)*입금_은행1!$AE$8:$AE$2007)),SUMPRODUCT(MAX((입금_은행2!$AC$8:$AC$2007=$A14)*(입금_은행2!$AE$8:$AE$2007<=설정!$B$5)*입금_은행2!$AE$8:$AE$2007)))=0,"",MAX(SUMPRODUCT(MAX((입금_은행1!$AC$8:$AC$2007=$A14)*(입금_은행1!$AE$8:$AE$2007<=설정!$B$5)*입금_은행1!$AE$8:$AE$2007)),SUMPRODUCT(MAX((입금_은행2!$AC$8:$AC$2007=$A14)*(입금_은행2!$AE$8:$AE$2007<=설정!$B$5)*입금_은행2!$AE$8:$AE$2007))))) | M14: =IF($U14="","",IF($T14="","",IF(INDEX(거래처설정!$F$8:$F$407,$T14)="","",INDEX(거래처설정!$F$8:$F$407,$T14)))) | N14: =IF($U14="","",IF($T14="","",IF(INDEX(거래처설정!$G$8:$G$407,$T14)="","",INDEX(거래처설정!$G$8:$G$407,$T14)))) | O14: =IF($U14="","",IF($M14="제외",0,IF($K14>=설정!$B$9,3,IF($J14+$K14>=설정!$B$9,2,IF($I14+$J14+$K14>=설정!$B$9,1,0))))) | P14: =IF($U14="","",IF($M14="제외","제외(조치 상태)",IF($O14=3,"③ 강한 독촉 후보 ("&설정!$B$8&"일 초과)",IF($O14=2,"② 독촉 후보 ("&설정!$B$7&"일 초과)",IF($O14=1,"① 안내 후보 ("&설정!$B$6&"일 초과)",IF($G14>0,IF($I14+$J14+$K14>0,"오래된 잔액 있음 (최소 금액 미만)","정상 범위"),IF($G14<0,"선수금·초과입금 — 확인","완납"))))))) | Q14: =IF($U14="","",IF($G14<0,"입금이 매출보다 큼 — 선수금이거나 다른 거래처 입금이 섞였는지 확인",IF(AND($AE14<>"",COUNTIF($AE$8:$AE$307,"*"&$AE14&"*")>1),"이름이 다른 거래처와 겹침 — 입금이 잘못 맞았을 수 있으니 별칭 확인",IF(AND($G14>0,$F14=0),"입금 매칭 없음 — 입금자명이 다르면 [거래처설정]에 별칭 등록","")))) | R14: =IF(OR($U14="",$G14<=0),"",$G14-$A14/10000) | S14: =IF(OR($U14="",$O14<1),"",$O14*10^11+$I14+$J14+$K14-$A14/1000) | T14: =IF($U14="","",IFERROR(MATCH(INDEX(매출원본!$AU$8:$AU$2007,$U14),거래처설정!$I$8:$I$407,0),"")) | U14: =IFERROR(MATCH(7,매출원본!$AW$8:$AW$2007,0),"") | V14: =IF($U14="","",MAX(SUMIFS(매출원본!$AT$8:$AT$2007,매출원본!$AY$8:$AY$2007,$A14,매출원본!$AS$8:$AS$2007,">="&(설정!$B$5-설정!$B$6),매출원본!$AS$8:$AS$2007,"<="&설정!$B$5),0)) | W14: =IF($U14="","",MAX($V14,SUMIFS(매출원본!$AT$8:$AT$2007,매출원본!$AY$8:$AY$2007,$A14,매출원본!$AS$8:$AS$2007,">="&(설정!$B$5-설정!$B$7),매출원본!$AS$8:$AS$2007,"<="&설정!$B$5))) | X14: =IF($U14="","",MAX($W14,SUMIFS(매출원본!$AT$8:$AT$2007,매출원본!$AY$8:$AY$2007,$A14,매출원본!$AS$8:$AS$2007,">="&(설정!$B$5-설정!$B$8),매출원본!$AS$8:$AS$2007,"<="&설정!$B$5))) | AC14: =IF(OR($U14="",$T14=""),"",INDEX(거래처설정!$J$8:$J$407,$T14)) | AD14: =IF(OR($U14="",$T14=""),"",INDEX(거래처설정!$K$8:$K$407,$T14)) | AE14: =IF($U14="","",IF(LEN(SUBSTITUTE(SUBSTITUTE(SUBSTITUTE(SUBSTITUTE(SUBSTITUTE(SUBSTITUTE(SUBSTITUTE(SUBSTITUTE(SUBSTITUTE($C14," ","")," ",""),"(주)",""),"（주）",""),"㈜",""),"주식회사",""),"(유)",""),"（유）",""),"유한회사",""))<2,"",SUBSTITUTE(SUBSTITUTE(SUBSTITUTE(SUBSTITUTE(SUBSTITUTE(SUBSTITUTE(SUBSTITUTE(SUBSTITUTE(SUBSTITUTE($C14," ","")," ",""),"(주)",""),"（주）",""),"㈜",""),"주식회사",""),"(유)",""),"（유）",""),"유한회사","")))
A15: =IF($U15="","",8) | B15: =IF($U15="","",IF(LEN(INDEX(매출원본!$AU$8:$AU$2007,$U15))=10,LEFT(INDEX(매출원본!$AU$8:$AU$2007,$U15),3)&"-"&MID(INDEX(매출원본!$AU$8:$AU$2007,$U15),4,2)&"-"&RIGHT(INDEX(매출원본!$AU$8:$AU$2007,$U15),5),IF(LEFT(INDEX(매출원본!$AU$8:$AU$2007,$U15),2)="N:","(번호 없음)",INDEX(매출원본!$AU$8:$AU$2007,$U15)))) | C15: =IF($U15="","",INDEX(매출원본!$AV$8:$AV$2007,$U15)) | D15: =IF($U15="","",IF($T15="",0,N(INDEX(거래처설정!$E$8:$E$407,$T15)))) | E15: =IF($U15="","",SUMIFS(매출원본!$AT$8:$AT$2007,매출원본!$AY$8:$AY$2007,$A15,매출원본!$AS$8:$AS$2007,"<="&설정!$B$5)) | F15: =IF($U15="","",SUMIFS(입금_은행1!$Z$8:$Z$2007,입금_은행1!$AC$8:$AC$2007,$A15,입금_은행1!$Y$8:$Y$2007,"<="&설정!$B$5)+SUMIFS(입금_은행2!$Z$8:$Z$2007,입금_은행2!$AC$8:$AC$2007,$A15,입금_은행2!$Y$8:$Y$2007,"<="&설정!$B$5)) | G15: =IF($U15="","",$D15+$E15-$F15) | H15: =IF($U15="","",MIN(MAX($G15,0),$V15)) | I15: =IF($U15="","",MIN(MAX($G15,0),$W15)-MIN(MAX($G15,0),$V15)) | J15: =IF($U15="","",MIN(MAX($G15,0),$X15)-MIN(MAX($G15,0),$W15)) | K15: =IF($U15="","",MAX($G15,0)-MIN(MAX($G15,0),$X15)) | L15: =IF($U15="","",IF(MAX(SUMPRODUCT(MAX((입금_은행1!$AC$8:$AC$2007=$A15)*(입금_은행1!$AE$8:$AE$2007<=설정!$B$5)*입금_은행1!$AE$8:$AE$2007)),SUMPRODUCT(MAX((입금_은행2!$AC$8:$AC$2007=$A15)*(입금_은행2!$AE$8:$AE$2007<=설정!$B$5)*입금_은행2!$AE$8:$AE$2007)))=0,"",MAX(SUMPRODUCT(MAX((입금_은행1!$AC$8:$AC$2007=$A15)*(입금_은행1!$AE$8:$AE$2007<=설정!$B$5)*입금_은행1!$AE$8:$AE$2007)),SUMPRODUCT(MAX((입금_은행2!$AC$8:$AC$2007=$A15)*(입금_은행2!$AE$8:$AE$2007<=설정!$B$5)*입금_은행2!$AE$8:$AE$2007))))) | M15: =IF($U15="","",IF($T15="","",IF(INDEX(거래처설정!$F$8:$F$407,$T15)="","",INDEX(거래처설정!$F$8:$F$407,$T15)))) | N15: =IF($U15="","",IF($T15="","",IF(INDEX(거래처설정!$G$8:$G$407,$T15)="","",INDEX(거래처설정!$G$8:$G$407,$T15)))) | O15: =IF($U15="","",IF($M15="제외",0,IF($K15>=설정!$B$9,3,IF($J15+$K15>=설정!$B$9,2,IF($I15+$J15+$K15>=설정!$B$9,1,0))))) | P15: =IF($U15="","",IF($M15="제외","제외(조치 상태)",IF($O15=3,"③ 강한 독촉 후보 ("&설정!$B$8&"일 초과)",IF($O15=2,"② 독촉 후보 ("&설정!$B$7&"일 초과)",IF($O15=1,"① 안내 후보 ("&설정!$B$6&"일 초과)",IF($G15>0,IF($I15+$J15+$K15>0,"오래된 잔액 있음 (최소 금액 미만)","정상 범위"),IF($G15<0,"선수금·초과입금 — 확인","완납"))))))) | Q15: =IF($U15="","",IF($G15<0,"입금이 매출보다 큼 — 선수금이거나 다른 거래처 입금이 섞였는지 확인",IF(AND($AE15<>"",COUNTIF($AE$8:$AE$307,"*"&$AE15&"*")>1),"이름이 다른 거래처와 겹침 — 입금이 잘못 맞았을 수 있으니 별칭 확인",IF(AND($G15>0,$F15=0),"입금 매칭 없음 — 입금자명이 다르면 [거래처설정]에 별칭 등록","")))) | R15: =IF(OR($U15="",$G15<=0),"",$G15-$A15/10000) | S15: =IF(OR($U15="",$O15<1),"",$O15*10^11+$I15+$J15+$K15-$A15/1000) | T15: =IF($U15="","",IFERROR(MATCH(INDEX(매출원본!$AU$8:$AU$2007,$U15),거래처설정!$I$8:$I$407,0),"")) | U15: =IFERROR(MATCH(8,매출원본!$AW$8:$AW$2007,0),"") | V15: =IF($U15="","",MAX(SUMIFS(매출원본!$AT$8:$AT$2007,매출원본!$AY$8:$AY$2007,$A15,매출원본!$AS$8:$AS$2007,">="&(설정!$B$5-설정!$B$6),매출원본!$AS$8:$AS$2007,"<="&설정!$B$5),0)) | W15: =IF($U15="","",MAX($V15,SUMIFS(매출원본!$AT$8:$AT$2007,매출원본!$AY$8:$AY$2007,$A15,매출원본!$AS$8:$AS$2007,">="&(설정!$B$5-설정!$B$7),매출원본!$AS$8:$AS$2007,"<="&설정!$B$5))) | X15: =IF($U15="","",MAX($W15,SUMIFS(매출원본!$AT$8:$AT$2007,매출원본!$AY$8:$AY$2007,$A15,매출원본!$AS$8:$AS$2007,">="&(설정!$B$5-설정!$B$8),매출원본!$AS$8:$AS$2007,"<="&설정!$B$5))) | AC15: =IF(OR($U15="",$T15=""),"",INDEX(거래처설정!$J$8:$J$407,$T15)) | AD15: =IF(OR($U15="",$T15=""),"",INDEX(거래처설정!$K$8:$K$407,$T15)) | AE15: =IF($U15="","",IF(LEN(SUBSTITUTE(SUBSTITUTE(SUBSTITUTE(SUBSTITUTE(SUBSTITUTE(SUBSTITUTE(SUBSTITUTE(SUBSTITUTE(SUBSTITUTE($C15," ","")," ",""),"(주)",""),"（주）",""),"㈜",""),"주식회사",""),"(유)",""),"（유）",""),"유한회사",""))<2,"",SUBSTITUTE(SUBSTITUTE(SUBSTITUTE(SUBSTITUTE(SUBSTITUTE(SUBSTITUTE(SUBSTITUTE(SUBSTITUTE(SUBSTITUTE($C15," ","")," ",""),"(주)",""),"（주）",""),"㈜",""),"주식회사",""),"(유)",""),"（유）",""),"유한회사","")))
A16: =IF($U16="","",9) | B16: =IF($U16="","",IF(LEN(INDEX(매출원본!$AU$8:$AU$2007,$U16))=10,LEFT(INDEX(매출원본!$AU$8:$AU$2007,$U16),3)&"-"&MID(INDEX(매출원본!$AU$8:$AU$2007,$U16),4,2)&"-"&RIGHT(INDEX(매출원본!$AU$8:$AU$2007,$U16),5),IF(LEFT(INDEX(매출원본!$AU$8:$AU$2007,$U16),2)="N:","(번호 없음)",INDEX(매출원본!$AU$8:$AU$2007,$U16)))) | C16: =IF($U16="","",INDEX(매출원본!$AV$8:$AV$2007,$U16)) | D16: =IF($U16="","",IF($T16="",0,N(INDEX(거래처설정!$E$8:$E$407,$T16)))) | E16: =IF($U16="","",SUMIFS(매출원본!$AT$8:$AT$2007,매출원본!$AY$8:$AY$2007,$A16,매출원본!$AS$8:$AS$2007,"<="&설정!$B$5)) | F16: =IF($U16="","",SUMIFS(입금_은행1!$Z$8:$Z$2007,입금_은행1!$AC$8:$AC$2007,$A16,입금_은행1!$Y$8:$Y$2007,"<="&설정!$B$5)+SUMIFS(입금_은행2!$Z$8:$Z$2007,입금_은행2!$AC$8:$AC$2007,$A16,입금_은행2!$Y$8:$Y$2007,"<="&설정!$B$5)) | G16: =IF($U16="","",$D16+$E16-$F16) | H16: =IF($U16="","",MIN(MAX($G16,0),$V16)) | I16: =IF($U16="","",MIN(MAX($G16,0),$W16)-MIN(MAX($G16,0),$V16)) | J16: =IF($U16="","",MIN(MAX($G16,0),$X16)-MIN(MAX($G16,0),$W16)) | K16: =IF($U16="","",MAX($G16,0)-MIN(MAX($G16,0),$X16)) | L16: =IF($U16="","",IF(MAX(SUMPRODUCT(MAX((입금_은행1!$AC$8:$AC$2007=$A16)*(입금_은행1!$AE$8:$AE$2007<=설정!$B$5)*입금_은행1!$AE$8:$AE$2007)),SUMPRODUCT(MAX((입금_은행2!$AC$8:$AC$2007=$A16)*(입금_은행2!$AE$8:$AE$2007<=설정!$B$5)*입금_은행2!$AE$8:$AE$2007)))=0,"",MAX(SUMPRODUCT(MAX((입금_은행1!$AC$8:$AC$2007=$A16)*(입금_은행1!$AE$8:$AE$2007<=설정!$B$5)*입금_은행1!$AE$8:$AE$2007)),SUMPRODUCT(MAX((입금_은행2!$AC$8:$AC$2007=$A16)*(입금_은행2!$AE$8:$AE$2007<=설정!$B$5)*입금_은행2!$AE$8:$AE$2007))))) | M16: =IF($U16="","",IF($T16="","",IF(INDEX(거래처설정!$F$8:$F$407,$T16)="","",INDEX(거래처설정!$F$8:$F$407,$T16)))) | N16: =IF($U16="","",IF($T16="","",IF(INDEX(거래처설정!$G$8:$G$407,$T16)="","",INDEX(거래처설정!$G$8:$G$407,$T16)))) | O16: =IF($U16="","",IF($M16="제외",0,IF($K16>=설정!$B$9,3,IF($J16+$K16>=설정!$B$9,2,IF($I16+$J16+$K16>=설정!$B$9,1,0))))) | P16: =IF($U16="","",IF($M16="제외","제외(조치 상태)",IF($O16=3,"③ 강한 독촉 후보 ("&설정!$B$8&"일 초과)",IF($O16=2,"② 독촉 후보 ("&설정!$B$7&"일 초과)",IF($O16=1,"① 안내 후보 ("&설정!$B$6&"일 초과)",IF($G16>0,IF($I16+$J16+$K16>0,"오래된 잔액 있음 (최소 금액 미만)","정상 범위"),IF($G16<0,"선수금·초과입금 — 확인","완납"))))))) | Q16: =IF($U16="","",IF($G16<0,"입금이 매출보다 큼 — 선수금이거나 다른 거래처 입금이 섞였는지 확인",IF(AND($AE16<>"",COUNTIF($AE$8:$AE$307,"*"&$AE16&"*")>1),"이름이 다른 거래처와 겹침 — 입금이 잘못 맞았을 수 있으니 별칭 확인",IF(AND($G16>0,$F16=0),"입금 매칭 없음 — 입금자명이 다르면 [거래처설정]에 별칭 등록","")))) | R16: =IF(OR($U16="",$G16<=0),"",$G16-$A16/10000) | S16: =IF(OR($U16="",$O16<1),"",$O16*10^11+$I16+$J16+$K16-$A16/1000) | T16: =IF($U16="","",IFERROR(MATCH(INDEX(매출원본!$AU$8:$AU$2007,$U16),거래처설정!$I$8:$I$407,0),"")) | U16: =IFERROR(MATCH(9,매출원본!$AW$8:$AW$2007,0),"") | V16: =IF($U16="","",MAX(SUMIFS(매출원본!$AT$8:$AT$2007,매출원본!$AY$8:$AY$2007,$A16,매출원본!$AS$8:$AS$2007,">="&(설정!$B$5-설정!$B$6),매출원본!$AS$8:$AS$2007,"<="&설정!$B$5),0)) | W16: =IF($U16="","",MAX($V16,SUMIFS(매출원본!$AT$8:$AT$2007,매출원본!$AY$8:$AY$2007,$A16,매출원본!$AS$8:$AS$2007,">="&(설정!$B$5-설정!$B$7),매출원본!$AS$8:$AS$2007,"<="&설정!$B$5))) | X16: =IF($U16="","",MAX($W16,SUMIFS(매출원본!$AT$8:$AT$2007,매출원본!$AY$8:$AY$2007,$A16,매출원본!$AS$8:$AS$2007,">="&(설정!$B$5-설정!$B$8),매출원본!$AS$8:$AS$2007,"<="&설정!$B$5))) | AC16: =IF(OR($U16="",$T16=""),"",INDEX(거래처설정!$J$8:$J$407,$T16)) | AD16: =IF(OR($U16="",$T16=""),"",INDEX(거래처설정!$K$8:$K$407,$T16)) | AE16: =IF($U16="","",IF(LEN(SUBSTITUTE(SUBSTITUTE(SUBSTITUTE(SUBSTITUTE(SUBSTITUTE(SUBSTITUTE(SUBSTITUTE(SUBSTITUTE(SUBSTITUTE($C16," ","")," ",""),"(주)",""),"（주）",""),"㈜",""),"주식회사",""),"(유)",""),"（유）",""),"유한회사",""))<2,"",SUBSTITUTE(SUBSTITUTE(SUBSTITUTE(SUBSTITUTE(SUBSTITUTE(SUBSTITUTE(SUBSTITUTE(SUBSTITUTE(SUBSTITUTE($C16," ","")," ",""),"(주)",""),"（주）",""),"㈜",""),"주식회사",""),"(유)",""),"（유）",""),"유한회사","")))
A17: =IF($U17="","",10) | B17: =IF($U17="","",IF(LEN(INDEX(매출원본!$AU$8:$AU$2007,$U17))=10,LEFT(INDEX(매출원본!$AU$8:$AU$2007,$U17),3)&"-"&MID(INDEX(매출원본!$AU$8:$AU$2007,$U17),4,2)&"-"&RIGHT(INDEX(매출원본!$AU$8:$AU$2007,$U17),5),IF(LEFT(INDEX(매출원본!$AU$8:$AU$2007,$U17),2)="N:","(번호 없음)",INDEX(매출원본!$AU$8:$AU$2007,$U17)))) | C17: =IF($U17="","",INDEX(매출원본!$AV$8:$AV$2007,$U17)) | D17: =IF($U17="","",IF($T17="",0,N(INDEX(거래처설정!$E$8:$E$407,$T17)))) | E17: =IF($U17="","",SUMIFS(매출원본!$AT$8:$AT$2007,매출원본!$AY$8:$AY$2007,$A17,매출원본!$AS$8:$AS$2007,"<="&설정!$B$5)) | F17: =IF($U17="","",SUMIFS(입금_은행1!$Z$8:$Z$2007,입금_은행1!$AC$8:$AC$2007,$A17,입금_은행1!$Y$8:$Y$2007,"<="&설정!$B$5)+SUMIFS(입금_은행2!$Z$8:$Z$2007,입금_은행2!$AC$8:$AC$2007,$A17,입금_은행2!$Y$8:$Y$2007,"<="&설정!$B$5)) | G17: =IF($U17="","",$D17+$E17-$F17) | H17: =IF($U17="","",MIN(MAX($G17,0),$V17)) | I17: =IF($U17="","",MIN(MAX($G17,0),$W17)-MIN(MAX($G17,0),$V17)) | J17: =IF($U17="","",MIN(MAX($G17,0),$X17)-MIN(MAX($G17,0),$W17)) | K17: =IF($U17="","",MAX($G17,0)-MIN(MAX($G17,0),$X17)) | L17: =IF($U17="","",IF(MAX(SUMPRODUCT(MAX((입금_은행1!$AC$8:$AC$2007=$A17)*(입금_은행1!$AE$8:$AE$2007<=설정!$B$5)*입금_은행1!$AE$8:$AE$2007)),SUMPRODUCT(MAX((입금_은행2!$AC$8:$AC$2007=$A17)*(입금_은행2!$AE$8:$AE$2007<=설정!$B$5)*입금_은행2!$AE$8:$AE$2007)))=0,"",MAX(SUMPRODUCT(MAX((입금_은행1!$AC$8:$AC$2007=$A17)*(입금_은행1!$AE$8:$AE$2007<=설정!$B$5)*입금_은행1!$AE$8:$AE$2007)),SUMPRODUCT(MAX((입금_은행2!$AC$8:$AC$2007=$A17)*(입금_은행2!$AE$8:$AE$2007<=설정!$B$5)*입금_은행2!$AE$8:$AE$2007))))) | M17: =IF($U17="","",IF($T17="","",IF(INDEX(거래처설정!$F$8:$F$407,$T17)="","",INDEX(거래처설정!$F$8:$F$407,$T17)))) | N17: =IF($U17="","",IF($T17="","",IF(INDEX(거래처설정!$G$8:$G$407,$T17)="","",INDEX(거래처설정!$G$8:$G$407,$T17)))) | O17: =IF($U17="","",IF($M17="제외",0,IF($K17>=설정!$B$9,3,IF($J17+$K17>=설정!$B$9,2,IF($I17+$J17+$K17>=설정!$B$9,1,0))))) | P17: =IF($U17="","",IF($M17="제외","제외(조치 상태)",IF($O17=3,"③ 강한 독촉 후보 ("&설정!$B$8&"일 초과)",IF($O17=2,"② 독촉 후보 ("&설정!$B$7&"일 초과)",IF($O17=1,"① 안내 후보 ("&설정!$B$6&"일 초과)",IF($G17>0,IF($I17+$J17+$K17>0,"오래된 잔액 있음 (최소 금액 미만)","정상 범위"),IF($G17<0,"선수금·초과입금 — 확인","완납"))))))) | Q17: =IF($U17="","",IF($G17<0,"입금이 매출보다 큼 — 선수금이거나 다른 거래처 입금이 섞였는지 확인",IF(AND($AE17<>"",COUNTIF($AE$8:$AE$307,"*"&$AE17&"*")>1),"이름이 다른 거래처와 겹침 — 입금이 잘못 맞았을 수 있으니 별칭 확인",IF(AND($G17>0,$F17=0),"입금 매칭 없음 — 입금자명이 다르면 [거래처설정]에 별칭 등록","")))) | R17: =IF(OR($U17="",$G17<=0),"",$G17-$A17/10000) | S17: =IF(OR($U17="",$O17<1),"",$O17*10^11+$I17+$J17+$K17-$A17/1000) | T17: =IF($U17="","",IFERROR(MATCH(INDEX(매출원본!$AU$8:$AU$2007,$U17),거래처설정!$I$8:$I$407,0),"")) | U17: =IFERROR(MATCH(10,매출원본!$AW$8:$AW$2007,0),"") | V17: =IF($U17="","",MAX(SUMIFS(매출원본!$AT$8:$AT$2007,매출원본!$AY$8:$AY$2007,$A17,매출원본!$AS$8:$AS$2007,">="&(설정!$B$5-설정!$B$6),매출원본!$AS$8:$AS$2007,"<="&설정!$B$5),0)) | W17: =IF($U17="","",MAX($V17,SUMIFS(매출원본!$AT$8:$AT$2007,매출원본!$AY$8:$AY$2007,$A17,매출원본!$AS$8:$AS$2007,">="&(설정!$B$5-설정!$B$7),매출원본!$AS$8:$AS$2007,"<="&설정!$B$5))) | X17: =IF($U17="","",MAX($W17,SUMIFS(매출원본!$AT$8:$AT$2007,매출원본!$AY$8:$AY$2007,$A17,매출원본!$AS$8:$AS$2007,">="&(설정!$B$5-설정!$B$8),매출원본!$AS$8:$AS$2007,"<="&설정!$B$5))) | AC17: =IF(OR($U17="",$T17=""),"",INDEX(거래처설정!$J$8:$J$407,$T17)) | AD17: =IF(OR($U17="",$T17=""),"",INDEX(거래처설정!$K$8:$K$407,$T17)) | AE17: =IF($U17="","",IF(LEN(SUBSTITUTE(SUBSTITUTE(SUBSTITUTE(SUBSTITUTE(SUBSTITUTE(SUBSTITUTE(SUBSTITUTE(SUBSTITUTE(SUBSTITUTE($C17," ","")," ",""),"(주)",""),"（주）",""),"㈜",""),"주식회사",""),"(유)",""),"（유）",""),"유한회사",""))<2,"",SUBSTITUTE(SUBSTITUTE(SUBSTITUTE(SUBSTITUTE(SUBSTITUTE(SUBSTITUTE(SUBSTITUTE(SUBSTITUTE(SUBSTITUTE($C17," ","")," ",""),"(주)",""),"（주）",""),"㈜",""),"주식회사",""),"(유)",""),"（유）",""),"유한회사","")))
A18: =IF($U18="","",11) | B18: =IF($U18="","",IF(LEN(INDEX(매출원본!$AU$8:$AU$2007,$U18))=10,LEFT(INDEX(매출원본!$AU$8:$AU$2007,$U18),3)&"-"&MID(INDEX(매출원본!$AU$8:$AU$2007,$U18),4,2)&"-"&RIGHT(INDEX(매출원본!$AU$8:$AU$2007,$U18),5),IF(LEFT(INDEX(매출원본!$AU$8:$AU$2007,$U18),2)="N:","(번호 없음)",INDEX(매출원본!$AU$8:$AU$2007,$U18)))) | C18: =IF($U18="","",INDEX(매출원본!$AV$8:$AV$2007,$U18)) | D18: =IF($U18="","",IF($T18="",0,N(INDEX(거래처설정!$E$8:$E$407,$T18)))) | E18: =IF($U18="","",SUMIFS(매출원본!$AT$8:$AT$2007,매출원본!$AY$8:$AY$2007,$A18,매출원본!$AS$8:$AS$2007,"<="&설정!$B$5)) | F18: =IF($U18="","",SUMIFS(입금_은행1!$Z$8:$Z$2007,입금_은행1!$AC$8:$AC$2007,$A18,입금_은행1!$Y$8:$Y$2007,"<="&설정!$B$5)+SUMIFS(입금_은행2!$Z$8:$Z$2007,입금_은행2!$AC$8:$AC$2007,$A18,입금_은행2!$Y$8:$Y$2007,"<="&설정!$B$5)) | G18: =IF($U18="","",$D18+$E18-$F18) | H18: =IF($U18="","",MIN(MAX($G18,0),$V18)) | I18: =IF($U18="","",MIN(MAX($G18,0),$W18)-MIN(MAX($G18,0),$V18)) | J18: =IF($U18="","",MIN(MAX($G18,0),$X18)-MIN(MAX($G18,0),$W18)) | K18: =IF($U18="","",MAX($G18,0)-MIN(MAX($G18,0),$X18)) | L18: =IF($U18="","",IF(MAX(SUMPRODUCT(MAX((입금_은행1!$AC$8:$AC$2007=$A18)*(입금_은행1!$AE$8:$AE$2007<=설정!$B$5)*입금_은행1!$AE$8:$AE$2007)),SUMPRODUCT(MAX((입금_은행2!$AC$8:$AC$2007=$A18)*(입금_은행2!$AE$8:$AE$2007<=설정!$B$5)*입금_은행2!$AE$8:$AE$2007)))=0,"",MAX(SUMPRODUCT(MAX((입금_은행1!$AC$8:$AC$2007=$A18)*(입금_은행1!$AE$8:$AE$2007<=설정!$B$5)*입금_은행1!$AE$8:$AE$2007)),SUMPRODUCT(MAX((입금_은행2!$AC$8:$AC$2007=$A18)*(입금_은행2!$AE$8:$AE$2007<=설정!$B$5)*입금_은행2!$AE$8:$AE$2007))))) | M18: =IF($U18="","",IF($T18="","",IF(INDEX(거래처설정!$F$8:$F$407,$T18)="","",INDEX(거래처설정!$F$8:$F$407,$T18)))) | N18: =IF($U18="","",IF($T18="","",IF(INDEX(거래처설정!$G$8:$G$407,$T18)="","",INDEX(거래처설정!$G$8:$G$407,$T18)))) | O18: =IF($U18="","",IF($M18="제외",0,IF($K18>=설정!$B$9,3,IF($J18+$K18>=설정!$B$9,2,IF($I18+$J18+$K18>=설정!$B$9,1,0))))) | P18: =IF($U18="","",IF($M18="제외","제외(조치 상태)",IF($O18=3,"③ 강한 독촉 후보 ("&설정!$B$8&"일 초과)",IF($O18=2,"② 독촉 후보 ("&설정!$B$7&"일 초과)",IF($O18=1,"① 안내 후보 ("&설정!$B$6&"일 초과)",IF($G18>0,IF($I18+$J18+$K18>0,"오래된 잔액 있음 (최소 금액 미만)","정상 범위"),IF($G18<0,"선수금·초과입금 — 확인","완납"))))))) | Q18: =IF($U18="","",IF($G18<0,"입금이 매출보다 큼 — 선수금이거나 다른 거래처 입금이 섞였는지 확인",IF(AND($AE18<>"",COUNTIF($AE$8:$AE$307,"*"&$AE18&"*")>1),"이름이 다른 거래처와 겹침 — 입금이 잘못 맞았을 수 있으니 별칭 확인",IF(AND($G18>0,$F18=0),"입금 매칭 없음 — 입금자명이 다르면 [거래처설정]에 별칭 등록","")))) | R18: =IF(OR($U18="",$G18<=0),"",$G18-$A18/10000) | S18: =IF(OR($U18="",$O18<1),"",$O18*10^11+$I18+$J18+$K18-$A18/1000) | T18: =IF($U18="","",IFERROR(MATCH(INDEX(매출원본!$AU$8:$AU$2007,$U18),거래처설정!$I$8:$I$407,0),"")) | U18: =IFERROR(MATCH(11,매출원본!$AW$8:$AW$2007,0),"") | V18: =IF($U18="","",MAX(SUMIFS(매출원본!$AT$8:$AT$2007,매출원본!$AY$8:$AY$2007,$A18,매출원본!$AS$8:$AS$2007,">="&(설정!$B$5-설정!$B$6),매출원본!$AS$8:$AS$2007,"<="&설정!$B$5),0)) | W18: =IF($U18="","",MAX($V18,SUMIFS(매출원본!$AT$8:$AT$2007,매출원본!$AY$8:$AY$2007,$A18,매출원본!$AS$8:$AS$2007,">="&(설정!$B$5-설정!$B$7),매출원본!$AS$8:$AS$2007,"<="&설정!$B$5))) | X18: =IF($U18="","",MAX($W18,SUMIFS(매출원본!$AT$8:$AT$2007,매출원본!$AY$8:$AY$2007,$A18,매출원본!$AS$8:$AS$2007,">="&(설정!$B$5-설정!$B$8),매출원본!$AS$8:$AS$2007,"<="&설정!$B$5))) | AC18: =IF(OR($U18="",$T18=""),"",INDEX(거래처설정!$J$8:$J$407,$T18)) | AD18: =IF(OR($U18="",$T18=""),"",INDEX(거래처설정!$K$8:$K$407,$T18)) | AE18: =IF($U18="","",IF(LEN(SUBSTITUTE(SUBSTITUTE(SUBSTITUTE(SUBSTITUTE(SUBSTITUTE(SUBSTITUTE(SUBSTITUTE(SUBSTITUTE(SUBSTITUTE($C18," ","")," ",""),"(주)",""),"（주）",""),"㈜",""),"주식회사",""),"(유)",""),"（유）",""),"유한회사",""))<2,"",SUBSTITUTE(SUBSTITUTE(SUBSTITUTE(SUBSTITUTE(SUBSTITUTE(SUBSTITUTE(SUBSTITUTE(SUBSTITUTE(SUBSTITUTE($C18," ","")," ",""),"(주)",""),"（주）",""),"㈜",""),"주식회사",""),"(유)",""),"（유）",""),"유한회사","")))
A19: =IF($U19="","",12) | B19: =IF($U19="","",IF(LEN(INDEX(매출원본!$AU$8:$AU$2007,$U19))=10,LEFT(INDEX(매출원본!$AU$8:$AU$2007,$U19),3)&"-"&MID(INDEX(매출원본!$AU$8:$AU$2007,$U19),4,2)&"-"&RIGHT(INDEX(매출원본!$AU$8:$AU$2007,$U19),5),IF(LEFT(INDEX(매출원본!$AU$8:$AU$2007,$U19),2)="N:","(번호 없음)",INDEX(매출원본!$AU$8:$AU$2007,$U19)))) | C19: =IF($U19="","",INDEX(매출원본!$AV$8:$AV$2007,$U19)) | D19: =IF($U19="","",IF($T19="",0,N(INDEX(거래처설정!$E$8:$E$407,$T19)))) | E19: =IF($U19="","",SUMIFS(매출원본!$AT$8:$AT$2007,매출원본!$AY$8:$AY$2007,$A19,매출원본!$AS$8:$AS$2007,"<="&설정!$B$5)) | F19: =IF($U19="","",SUMIFS(입금_은행1!$Z$8:$Z$2007,입금_은행1!$AC$8:$AC$2007,$A19,입금_은행1!$Y$8:$Y$2007,"<="&설정!$B$5)+SUMIFS(입금_은행2!$Z$8:$Z$2007,입금_은행2!$AC$8:$AC$2007,$A19,입금_은행2!$Y$8:$Y$2007,"<="&설정!$B$5)) | G19: =IF($U19="","",$D19+$E19-$F19) | H19: =IF($U19="","",MIN(MAX($G19,0),$V19)) | I19: =IF($U19="","",MIN(MAX($G19,0),$W19)-MIN(MAX($G19,0),$V19)) | J19: =IF($U19="","",MIN(MAX($G19,0),$X19)-MIN(MAX($G19,0),$W19)) | K19: =IF($U19="","",MAX($G19,0)-MIN(MAX($G19,0),$X19)) | L19: =IF($U19="","",IF(MAX(SUMPRODUCT(MAX((입금_은행1!$AC$8:$AC$2007=$A19)*(입금_은행1!$AE$8:$AE$2007<=설정!$B$5)*입금_은행1!$AE$8:$AE$2007)),SUMPRODUCT(MAX((입금_은행2!$AC$8:$AC$2007=$A19)*(입금_은행2!$AE$8:$AE$2007<=설정!$B$5)*입금_은행2!$AE$8:$AE$2007)))=0,"",MAX(SUMPRODUCT(MAX((입금_은행1!$AC$8:$AC$2007=$A19)*(입금_은행1!$AE$8:$AE$2007<=설정!$B$5)*입금_은행1!$AE$8:$AE$2007)),SUMPRODUCT(MAX((입금_은행2!$AC$8:$AC$2007=$A19)*(입금_은행2!$AE$8:$AE$2007<=설정!$B$5)*입금_은행2!$AE$8:$AE$2007))))) | M19: =IF($U19="","",IF($T19="","",IF(INDEX(거래처설정!$F$8:$F$407,$T19)="","",INDEX(거래처설정!$F$8:$F$407,$T19)))) | N19: =IF($U19="","",IF($T19="","",IF(INDEX(거래처설정!$G$8:$G$407,$T19)="","",INDEX(거래처설정!$G$8:$G$407,$T19)))) | O19: =IF($U19="","",IF($M19="제외",0,IF($K19>=설정!$B$9,3,IF($J19+$K19>=설정!$B$9,2,IF($I19+$J19+$K19>=설정!$B$9,1,0))))) | P19: =IF($U19="","",IF($M19="제외","제외(조치 상태)",IF($O19=3,"③ 강한 독촉 후보 ("&설정!$B$8&"일 초과)",IF($O19=2,"② 독촉 후보 ("&설정!$B$7&"일 초과)",IF($O19=1,"① 안내 후보 ("&설정!$B$6&"일 초과)",IF($G19>0,IF($I19+$J19+$K19>0,"오래된 잔액 있음 (최소 금액 미만)","정상 범위"),IF($G19<0,"선수금·초과입금 — 확인","완납"))))))) | Q19: =IF($U19="","",IF($G19<0,"입금이 매출보다 큼 — 선수금이거나 다른 거래처 입금이 섞였는지 확인",IF(AND($AE19<>"",COUNTIF($AE$8:$AE$307,"*"&$AE19&"*")>1),"이름이 다른 거래처와 겹침 — 입금이 잘못 맞았을 수 있으니 별칭 확인",IF(AND($G19>0,$F19=0),"입금 매칭 없음 — 입금자명이 다르면 [거래처설정]에 별칭 등록","")))) | R19: =IF(OR($U19="",$G19<=0),"",$G19-$A19/10000) | S19: =IF(OR($U19="",$O19<1),"",$O19*10^11+$I19+$J19+$K19-$A19/1000) | T19: =IF($U19="","",IFERROR(MATCH(INDEX(매출원본!$AU$8:$AU$2007,$U19),거래처설정!$I$8:$I$407,0),"")) | U19: =IFERROR(MATCH(12,매출원본!$AW$8:$AW$2007,0),"") | V19: =IF($U19="","",MAX(SUMIFS(매출원본!$AT$8:$AT$2007,매출원본!$AY$8:$AY$2007,$A19,매출원본!$AS$8:$AS$2007,">="&(설정!$B$5-설정!$B$6),매출원본!$AS$8:$AS$2007,"<="&설정!$B$5),0)) | W19: =IF($U19="","",MAX($V19,SUMIFS(매출원본!$AT$8:$AT$2007,매출원본!$AY$8:$AY$2007,$A19,매출원본!$AS$8:$AS$2007,">="&(설정!$B$5-설정!$B$7),매출원본!$AS$8:$AS$2007,"<="&설정!$B$5))) | X19: =IF($U19="","",MAX($W19,SUMIFS(매출원본!$AT$8:$AT$2007,매출원본!$AY$8:$AY$2007,$A19,매출원본!$AS$8:$AS$2007,">="&(설정!$B$5-설정!$B$8),매출원본!$AS$8:$AS$2007,"<="&설정!$B$5))) | AC19: =IF(OR($U19="",$T19=""),"",INDEX(거래처설정!$J$8:$J$407,$T19)) | AD19: =IF(OR($U19="",$T19=""),"",INDEX(거래처설정!$K$8:$K$407,$T19)) | AE19: =IF($U19="","",IF(LEN(SUBSTITUTE(SUBSTITUTE(SUBSTITUTE(SUBSTITUTE(SUBSTITUTE(SUBSTITUTE(SUBSTITUTE(SUBSTITUTE(SUBSTITUTE($C19," ","")," ",""),"(주)",""),"（주）",""),"㈜",""),"주식회사",""),"(유)",""),"（유）",""),"유한회사",""))<2,"",SUBSTITUTE(SUBSTITUTE(SUBSTITUTE(SUBSTITUTE(SUBSTITUTE(SUBSTITUTE(SUBSTITUTE(SUBSTITUTE(SUBSTITUTE($C19," ","")," ",""),"(주)",""),"（주）",""),"㈜",""),"주식회사",""),"(유)",""),"（유）",""),"유한회사","")))
A20: =IF($U20="","",13) | B20: =IF($U20="","",IF(LEN(INDEX(매출원본!$AU$8:$AU$2007,$U20))=10,LEFT(INDEX(매출원본!$AU$8:$AU$2007,$U20),3)&"-"&MID(INDEX(매출원본!$AU$8:$AU$2007,$U20),4,2)&"-"&RIGHT(INDEX(매출원본!$AU$8:$AU$2007,$U20),5),IF(LEFT(INDEX(매출원본!$AU$8:$AU$2007,$U20),2)="N:","(번호 없음)",INDEX(매출원본!$AU$8:$AU$2007,$U20)))) | C20: =IF($U20="","",INDEX(매출원본!$AV$8:$AV$2007,$U20)) | D20: =IF($U20="","",IF($T20="",0,N(INDEX(거래처설정!$E$8:$E$407,$T20)))) | E20: =IF($U20="","",SUMIFS(매출원본!$AT$8:$AT$2007,매출원본!$AY$8:$AY$2007,$A20,매출원본!$AS$8:$AS$2007,"<="&설정!$B$5)) | F20: =IF($U20="","",SUMIFS(입금_은행1!$Z$8:$Z$2007,입금_은행1!$AC$8:$AC$2007,$A20,입금_은행1!$Y$8:$Y$2007,"<="&설정!$B$5)+SUMIFS(입금_은행2!$Z$8:$Z$2007,입금_은행2!$AC$8:$AC$2007,$A20,입금_은행2!$Y$8:$Y$2007,"<="&설정!$B$5)) | G20: =IF($U20="","",$D20+$E20-$F20) | H20: =IF($U20="","",MIN(MAX($G20,0),$V20)) | I20: =IF($U20="","",MIN(MAX($G20,0),$W20)-MIN(MAX($G20,0),$V20)) | J20: =IF($U20="","",MIN(MAX($G20,0),$X20)-MIN(MAX($G20,0),$W20)) | K20: =IF($U20="","",MAX($G20,0)-MIN(MAX($G20,0),$X20)) | L20: =IF($U20="","",IF(MAX(SUMPRODUCT(MAX((입금_은행1!$AC$8:$AC$2007=$A20)*(입금_은행1!$AE$8:$AE$2007<=설정!$B$5)*입금_은행1!$AE$8:$AE$2007)),SUMPRODUCT(MAX((입금_은행2!$AC$8:$AC$2007=$A20)*(입금_은행2!$AE$8:$AE$2007<=설정!$B$5)*입금_은행2!$AE$8:$AE$2007)))=0,"",MAX(SUMPRODUCT(MAX((입금_은행1!$AC$8:$AC$2007=$A20)*(입금_은행1!$AE$8:$AE$2007<=설정!$B$5)*입금_은행1!$AE$8:$AE$2007)),SUMPRODUCT(MAX((입금_은행2!$AC$8:$AC$2007=$A20)*(입금_은행2!$AE$8:$AE$2007<=설정!$B$5)*입금_은행2!$AE$8:$AE$2007))))) | M20: =IF($U20="","",IF($T20="","",IF(INDEX(거래처설정!$F$8:$F$407,$T20)="","",INDEX(거래처설정!$F$8:$F$407,$T20)))) | N20: =IF($U20="","",IF($T20="","",IF(INDEX(거래처설정!$G$8:$G$407,$T20)="","",INDEX(거래처설정!$G$8:$G$407,$T20)))) | O20: =IF($U20="","",IF($M20="제외",0,IF($K20>=설정!$B$9,3,IF($J20+$K20>=설정!$B$9,2,IF($I20+$J20+$K20>=설정!$B$9,1,0))))) | P20: =IF($U20="","",IF($M20="제외","제외(조치 상태)",IF($O20=3,"③ 강한 독촉 후보 ("&설정!$B$8&"일 초과)",IF($O20=2,"② 독촉 후보 ("&설정!$B$7&"일 초과)",IF($O20=1,"① 안내 후보 ("&설정!$B$6&"일 초과)",IF($G20>0,IF($I20+$J20+$K20>0,"오래된 잔액 있음 (최소 금액 미만)","정상 범위"),IF($G20<0,"선수금·초과입금 — 확인","완납"))))))) | Q20: =IF($U20="","",IF($G20<0,"입금이 매출보다 큼 — 선수금이거나 다른 거래처 입금이 섞였는지 확인",IF(AND($AE20<>"",COUNTIF($AE$8:$AE$307,"*"&$AE20&"*")>1),"이름이 다른 거래처와 겹침 — 입금이 잘못 맞았을 수 있으니 별칭 확인",IF(AND($G20>0,$F20=0),"입금 매칭 없음 — 입금자명이 다르면 [거래처설정]에 별칭 등록","")))) | R20: =IF(OR($U20="",$G20<=0),"",$G20-$A20/10000) | S20: =IF(OR($U20="",$O20<1),"",$O20*10^11+$I20+$J20+$K20-$A20/1000) | T20: =IF($U20="","",IFERROR(MATCH(INDEX(매출원본!$AU$8:$AU$2007,$U20),거래처설정!$I$8:$I$407,0),"")) | U20: =IFERROR(MATCH(13,매출원본!$AW$8:$AW$2007,0),"") | V20: =IF($U20="","",MAX(SUMIFS(매출원본!$AT$8:$AT$2007,매출원본!$AY$8:$AY$2007,$A20,매출원본!$AS$8:$AS$2007,">="&(설정!$B$5-설정!$B$6),매출원본!$AS$8:$AS$2007,"<="&설정!$B$5),0)) | W20: =IF($U20="","",MAX($V20,SUMIFS(매출원본!$AT$8:$AT$2007,매출원본!$AY$8:$AY$2007,$A20,매출원본!$AS$8:$AS$2007,">="&(설정!$B$5-설정!$B$7),매출원본!$AS$8:$AS$2007,"<="&설정!$B$5))) | X20: =IF($U20="","",MAX($W20,SUMIFS(매출원본!$AT$8:$AT$2007,매출원본!$AY$8:$AY$2007,$A20,매출원본!$AS$8:$AS$2007,">="&(설정!$B$5-설정!$B$8),매출원본!$AS$8:$AS$2007,"<="&설정!$B$5))) | AC20: =IF(OR($U20="",$T20=""),"",INDEX(거래처설정!$J$8:$J$407,$T20)) | AD20: =IF(OR($U20="",$T20=""),"",INDEX(거래처설정!$K$8:$K$407,$T20)) | AE20: =IF($U20="","",IF(LEN(SUBSTITUTE(SUBSTITUTE(SUBSTITUTE(SUBSTITUTE(SUBSTITUTE(SUBSTITUTE(SUBSTITUTE(SUBSTITUTE(SUBSTITUTE($C20," ","")," ",""),"(주)",""),"（주）",""),"㈜",""),"주식회사",""),"(유)",""),"（유）",""),"유한회사",""))<2,"",SUBSTITUTE(SUBSTITUTE(SUBSTITUTE(SUBSTITUTE(SUBSTITUTE(SUBSTITUTE(SUBSTITUTE(SUBSTITUTE(SUBSTITUTE($C20," ","")," ",""),"(주)",""),"（주）",""),"㈜",""),"주식회사",""),"(유)",""),"（유）",""),"유한회사","")))
A21: =IF($U21="","",14) | B21: =IF($U21="","",IF(LEN(INDEX(매출원본!$AU$8:$AU$2007,$U21))=10,LEFT(INDEX(매출원본!$AU$8:$AU$2007,$U21),3)&"-"&MID(INDEX(매출원본!$AU$8:$AU$2007,$U21),4,2)&"-"&RIGHT(INDEX(매출원본!$AU$8:$AU$2007,$U21),5),IF(LEFT(INDEX(매출원본!$AU$8:$AU$2007,$U21),2)="N:","(번호 없음)",INDEX(매출원본!$AU$8:$AU$2007,$U21)))) | C21: =IF($U21="","",INDEX(매출원본!$AV$8:$AV$2007,$U21)) | D21: =IF($U21="","",IF($T21="",0,N(INDEX(거래처설정!$E$8:$E$407,$T21)))) | E21: =IF($U21="","",SUMIFS(매출원본!$AT$8:$AT$2007,매출원본!$AY$8:$AY$2007,$A21,매출원본!$AS$8:$AS$2007,"<="&설정!$B$5)) | F21: =IF($U21="","",SUMIFS(입금_은행1!$Z$8:$Z$2007,입금_은행1!$AC$8:$AC$2007,$A21,입금_은행1!$Y$8:$Y$2007,"<="&설정!$B$5)+SUMIFS(입금_은행2!$Z$8:$Z$2007,입금_은행2!$AC$8:$AC$2007,$A21,입금_은행2!$Y$8:$Y$2007,"<="&설정!$B$5)) | G21: =IF($U21="","",$D21+$E21-$F21) | H21: =IF($U21="","",MIN(MAX($G21,0),$V21)) | I21: =IF($U21="","",MIN(MAX($G21,0),$W21)-MIN(MAX($G21,0),$V21)) | J21: =IF($U21="","",MIN(MAX($G21,0),$X21)-MIN(MAX($G21,0),$W21)) | K21: =IF($U21="","",MAX($G21,0)-MIN(MAX($G21,0),$X21)) | L21: =IF($U21="","",IF(MAX(SUMPRODUCT(MAX((입금_은행1!$AC$8:$AC$2007=$A21)*(입금_은행1!$AE$8:$AE$2007<=설정!$B$5)*입금_은행1!$AE$8:$AE$2007)),SUMPRODUCT(MAX((입금_은행2!$AC$8:$AC$2007=$A21)*(입금_은행2!$AE$8:$AE$2007<=설정!$B$5)*입금_은행2!$AE$8:$AE$2007)))=0,"",MAX(SUMPRODUCT(MAX((입금_은행1!$AC$8:$AC$2007=$A21)*(입금_은행1!$AE$8:$AE$2007<=설정!$B$5)*입금_은행1!$AE$8:$AE$2007)),SUMPRODUCT(MAX((입금_은행2!$AC$8:$AC$2007=$A21)*(입금_은행2!$AE$8:$AE$2007<=설정!$B$5)*입금_은행2!$AE$8:$AE$2007))))) | M21: =IF($U21="","",IF($T21="","",IF(INDEX(거래처설정!$F$8:$F$407,$T21)="","",INDEX(거래처설정!$F$8:$F$407,$T21)))) | N21: =IF($U21="","",IF($T21="","",IF(INDEX(거래처설정!$G$8:$G$407,$T21)="","",INDEX(거래처설정!$G$8:$G$407,$T21)))) | O21: =IF($U21="","",IF($M21="제외",0,IF($K21>=설정!$B$9,3,IF($J21+$K21>=설정!$B$9,2,IF($I21+$J21+$K21>=설정!$B$9,1,0))))) | P21: =IF($U21="","",IF($M21="제외","제외(조치 상태)",IF($O21=3,"③ 강한 독촉 후보 ("&설정!$B$8&"일 초과)",IF($O21=2,"② 독촉 후보 ("&설정!$B$7&"일 초과)",IF($O21=1,"① 안내 후보 ("&설정!$B$6&"일 초과)",IF($G21>0,IF($I21+$J21+$K21>0,"오래된 잔액 있음 (최소 금액 미만)","정상 범위"),IF($G21<0,"선수금·초과입금 — 확인","완납"))))))) | Q21: =IF($U21="","",IF($G21<0,"입금이 매출보다 큼 — 선수금이거나 다른 거래처 입금이 섞였는지 확인",IF(AND($AE21<>"",COUNTIF($AE$8:$AE$307,"*"&$AE21&"*")>1),"이름이 다른 거래처와 겹침 — 입금이 잘못 맞았을 수 있으니 별칭 확인",IF(AND($G21>0,$F21=0),"입금 매칭 없음 — 입금자명이 다르면 [거래처설정]에 별칭 등록","")))) | R21: =IF(OR($U21="",$G21<=0),"",$G21-$A21/10000) | S21: =IF(OR($U21="",$O21<1),"",$O21*10^11+$I21+$J21+$K21-$A21/1000) | T21: =IF($U21="","",IFERROR(MATCH(INDEX(매출원본!$AU$8:$AU$2007,$U21),거래처설정!$I$8:$I$407,0),"")) | U21: =IFERROR(MATCH(14,매출원본!$AW$8:$AW$2007,0),"") | V21: =IF($U21="","",MAX(SUMIFS(매출원본!$AT$8:$AT$2007,매출원본!$AY$8:$AY$2007,$A21,매출원본!$AS$8:$AS$2007,">="&(설정!$B$5-설정!$B$6),매출원본!$AS$8:$AS$2007,"<="&설정!$B$5),0)) | W21: =IF($U21="","",MAX($V21,SUMIFS(매출원본!$AT$8:$AT$2007,매출원본!$AY$8:$AY$2007,$A21,매출원본!$AS$8:$AS$2007,">="&(설정!$B$5-설정!$B$7),매출원본!$AS$8:$AS$2007,"<="&설정!$B$5))) | X21: =IF($U21="","",MAX($W21,SUMIFS(매출원본!$AT$8:$AT$2007,매출원본!$AY$8:$AY$2007,$A21,매출원본!$AS$8:$AS$2007,">="&(설정!$B$5-설정!$B$8),매출원본!$AS$8:$AS$2007,"<="&설정!$B$5))) | AC21: =IF(OR($U21="",$T21=""),"",INDEX(거래처설정!$J$8:$J$407,$T21)) | AD21: =IF(OR($U21="",$T21=""),"",INDEX(거래처설정!$K$8:$K$407,$T21)) | AE21: =IF($U21="","",IF(LEN(SUBSTITUTE(SUBSTITUTE(SUBSTITUTE(SUBSTITUTE(SUBSTITUTE(SUBSTITUTE(SUBSTITUTE(SUBSTITUTE(SUBSTITUTE($C21," ","")," ",""),"(주)",""),"（주）",""),"㈜",""),"주식회사",""),"(유)",""),"（유）",""),"유한회사",""))<2,"",SUBSTITUTE(SUBSTITUTE(SUBSTITUTE(SUBSTITUTE(SUBSTITUTE(SUBSTITUTE(SUBSTITUTE(SUBSTITUTE(SUBSTITUTE($C21," ","")," ",""),"(주)",""),"（주）",""),"㈜",""),"주식회사",""),"(유)",""),"（유）",""),"유한회사","")))
A22: =IF($U22="","",15) | B22: =IF($U22="","",IF(LEN(INDEX(매출원본!$AU$8:$AU$2007,$U22))=10,LEFT(INDEX(매출원본!$AU$8:$AU$2007,$U22),3)&"-"&MID(INDEX(매출원본!$AU$8:$AU$2007,$U22),4,2)&"-"&RIGHT(INDEX(매출원본!$AU$8:$AU$2007,$U22),5),IF(LEFT(INDEX(매출원본!$AU$8:$AU$2007,$U22),2)="N:","(번호 없음)",INDEX(매출원본!$AU$8:$AU$2007,$U22)))) | C22: =IF($U22="","",INDEX(매출원본!$AV$8:$AV$2007,$U22)) | D22: =IF($U22="","",IF($T22="",0,N(INDEX(거래처설정!$E$8:$E$407,$T22)))) | E22: =IF($U22="","",SUMIFS(매출원본!$AT$8:$AT$2007,매출원본!$AY$8:$AY$2007,$A22,매출원본!$AS$8:$AS$2007,"<="&설정!$B$5)) | F22: =IF($U22="","",SUMIFS(입금_은행1!$Z$8:$Z$2007,입금_은행1!$AC$8:$AC$2007,$A22,입금_은행1!$Y$8:$Y$2007,"<="&설정!$B$5)+SUMIFS(입금_은행2!$Z$8:$Z$2007,입금_은행2!$AC$8:$AC$2007,$A22,입금_은행2!$Y$8:$Y$2007,"<="&설정!$B$5)) | G22: =IF($U22="","",$D22+$E22-$F22) | H22: =IF($U22="","",MIN(MAX($G22,0),$V22)) | I22: =IF($U22="","",MIN(MAX($G22,0),$W22)-MIN(MAX($G22,0),$V22)) | J22: =IF($U22="","",MIN(MAX($G22,0),$X22)-MIN(MAX($G22,0),$W22)) | K22: =IF($U22="","",MAX($G22,0)-MIN(MAX($G22,0),$X22)) | L22: =IF($U22="","",IF(MAX(SUMPRODUCT(MAX((입금_은행1!$AC$8:$AC$2007=$A22)*(입금_은행1!$AE$8:$AE$2007<=설정!$B$5)*입금_은행1!$AE$8:$AE$2007)),SUMPRODUCT(MAX((입금_은행2!$AC$8:$AC$2007=$A22)*(입금_은행2!$AE$8:$AE$2007<=설정!$B$5)*입금_은행2!$AE$8:$AE$2007)))=0,"",MAX(SUMPRODUCT(MAX((입금_은행1!$AC$8:$AC$2007=$A22)*(입금_은행1!$AE$8:$AE$2007<=설정!$B$5)*입금_은행1!$AE$8:$AE$2007)),SUMPRODUCT(MAX((입금_은행2!$AC$8:$AC$2007=$A22)*(입금_은행2!$AE$8:$AE$2007<=설정!$B$5)*입금_은행2!$AE$8:$AE$2007))))) | M22: =IF($U22="","",IF($T22="","",IF(INDEX(거래처설정!$F$8:$F$407,$T22)="","",INDEX(거래처설정!$F$8:$F$407,$T22)))) | N22: =IF($U22="","",IF($T22="","",IF(INDEX(거래처설정!$G$8:$G$407,$T22)="","",INDEX(거래처설정!$G$8:$G$407,$T22)))) | O22: =IF($U22="","",IF($M22="제외",0,IF($K22>=설정!$B$9,3,IF($J22+$K22>=설정!$B$9,2,IF($I22+$J22+$K22>=설정!$B$9,1,0))))) | P22: =IF($U22="","",IF($M22="제외","제외(조치 상태)",IF($O22=3,"③ 강한 독촉 후보 ("&설정!$B$8&"일 초과)",IF($O22=2,"② 독촉 후보 ("&설정!$B$7&"일 초과)",IF($O22=1,"① 안내 후보 ("&설정!$B$6&"일 초과)",IF($G22>0,IF($I22+$J22+$K22>0,"오래된 잔액 있음 (최소 금액 미만)","정상 범위"),IF($G22<0,"선수금·초과입금 — 확인","완납"))))))) | Q22: =IF($U22="","",IF($G22<0,"입금이 매출보다 큼 — 선수금이거나 다른 거래처 입금이 섞였는지 확인",IF(AND($AE22<>"",COUNTIF($AE$8:$AE$307,"*"&$AE22&"*")>1),"이름이 다른 거래처와 겹침 — 입금이 잘못 맞았을 수 있으니 별칭 확인",IF(AND($G22>0,$F22=0),"입금 매칭 없음 — 입금자명이 다르면 [거래처설정]에 별칭 등록","")))) | R22: =IF(OR($U22="",$G22<=0),"",$G22-$A22/10000) | S22: =IF(OR($U22="",$O22<1),"",$O22*10^11+$I22+$J22+$K22-$A22/1000) | T22: =IF($U22="","",IFERROR(MATCH(INDEX(매출원본!$AU$8:$AU$2007,$U22),거래처설정!$I$8:$I$407,0),"")) | U22: =IFERROR(MATCH(15,매출원본!$AW$8:$AW$2007,0),"") | V22: =IF($U22="","",MAX(SUMIFS(매출원본!$AT$8:$AT$2007,매출원본!$AY$8:$AY$2007,$A22,매출원본!$AS$8:$AS$2007,">="&(설정!$B$5-설정!$B$6),매출원본!$AS$8:$AS$2007,"<="&설정!$B$5),0)) | W22: =IF($U22="","",MAX($V22,SUMIFS(매출원본!$AT$8:$AT$2007,매출원본!$AY$8:$AY$2007,$A22,매출원본!$AS$8:$AS$2007,">="&(설정!$B$5-설정!$B$7),매출원본!$AS$8:$AS$2007,"<="&설정!$B$5))) | X22: =IF($U22="","",MAX($W22,SUMIFS(매출원본!$AT$8:$AT$2007,매출원본!$AY$8:$AY$2007,$A22,매출원본!$AS$8:$AS$2007,">="&(설정!$B$5-설정!$B$8),매출원본!$AS$8:$AS$2007,"<="&설정!$B$5))) | AC22: =IF(OR($U22="",$T22=""),"",INDEX(거래처설정!$J$8:$J$407,$T22)) | AD22: =IF(OR($U22="",$T22=""),"",INDEX(거래처설정!$K$8:$K$407,$T22)) | AE22: =IF($U22="","",IF(LEN(SUBSTITUTE(SUBSTITUTE(SUBSTITUTE(SUBSTITUTE(SUBSTITUTE(SUBSTITUTE(SUBSTITUTE(SUBSTITUTE(SUBSTITUTE($C22," ","")," ",""),"(주)",""),"（주）",""),"㈜",""),"주식회사",""),"(유)",""),"（유）",""),"유한회사",""))<2,"",SUBSTITUTE(SUBSTITUTE(SUBSTITUTE(SUBSTITUTE(SUBSTITUTE(SUBSTITUTE(SUBSTITUTE(SUBSTITUTE(SUBSTITUTE($C22," ","")," ",""),"(주)",""),"（주）",""),"㈜",""),"주식회사",""),"(유)",""),"（유）",""),"유한회사","")))
