Workbook

Sheet 사용법
A1: 업무 일정관리 양식 — 사용 안내
A2: 일정을 적고 상태만 바꾸면 색이 자동으로 바뀌고, 간트차트가 저절로 그려집니다. 매크로 없는 순수 서식·수식입니다.
A4: ■ 작업 순서도
B5: ① 일정목록 | C5: 업무명·담당·시작일·마감일 입력, 상태·우선순위는 드롭다운 선택
B6: ▼
B7: ② 상태 관리 | C7: 일하면서 상태만 바꾸면 행 색·D-Day·지연 표시가 자동으로 따라옴
B8: ▼
B9: ③ 간트차트 | C9: (자동) 일정목록을 그대로 읽어 상태별 색 막대로 8주 일정을 그림
A11: ■ 상태별 자동 색 (일정목록 행 / 간트 막대)
A12: 상태 | B12: 목록 행 색 | C12: 간트 막대 | D12: 설명
A13: 예정 | B13: 예시 | C13: ■ | D13: 기본 — 간트에 연파랑 막대
A14: 진행중 | B14: 예시 | C14: ■ | D14: 행이 연파랑, 간트 막대는 진한 파랑
A15: 완료 | B15: 예시 | C15: ■ | D15: 행·막대가 초록 — D-Day 자리에 ✔ 완료
A16: 보류 | B16: 예시 | C16: ■ | D16: 행·막대가 주황
A17: 지연 | B17: 예시 | D17: 마감일이 지났는데 완료가 아니면 자동으로 행이 빨강 + ⚠ 지연 N일
A19: ■ 자주 묻는 것
A20: · 상태는 어떻게 바꾸나요? — 상태 칸을 클릭하면 나오는 드롭다운(예정/진행중/완료/보류)에서 고르면 끝. 색은 저절로 바뀝니다.
A21: · '지연'은 왜 따로 없나요? — 고를 필요가 없습니다. 마감일이 지났는데 완료가 아니면 자동으로 빨간 지연 표시가 붙습니다.
A22: · 간트차트 기간을 바꾸려면? — [간트차트] 위쪽 노란 칸의 표시 시작일만 바꾸면 그날부터 8주가 다시 그려집니다 (월요일 권장).
A23: · 간트차트에서 회색 세로줄은 주말, 분홍 세로줄은 오늘입니다.
A24: · 우선순위를 '높음'으로 고르면 빨간 글씨로 강조됩니다.
A25: · 일정은 50건까지 적을 수 있습니다. 더 필요하면 파일을 복사해 월별·프로젝트별로 나눠 쓰는 걸 추천해요.
A26: · 예시 일정은 전부 가상입니다 — 지우고 실제 일정을 넣어 쓰세요. 노란 칸 = 입력, 회색 작은 글씨 = 자동 수식(수정 금지).

Sheet 일정목록
A1: ① 일정목록 — 일정 입력과 상태 관리
A2: ✍ 직접 입력: A~H열 — 구분·업무명·담당·시작일·마감일은 직접 쓰고, 상태·우선순위는 드롭다운에서 선택하세요. 상태를 바꾸면 행 색이 자동으로 바뀝니다.
A3: ⚙ 자동 계산: I열 D-Day는 자동 (마감 임박·지연·완료 표시). 마감일이 지난 미완료 일정은 자동으로 빨간 '⚠ 지연'이 됩니다. [간트차트]도 자동으로 따라 그려집니다.
A4: 구분 | B4: 업무명 | C4: 담당 | D4: 시작일 | E4: 마감일 | F4: 상태 | G4: 우선순위 | H4: 메모 | I4: D-Day(자동)
A5: 월말결산 | B5: 법인카드 증빙 정리 | C5: 김대리 | D5: 46281 | E5: 46284 | F5: 진행중 | G5: 높음 | H5: 지연 표시 예시 — 마감이 지나 자동으로 빨간색 | I5: =IF($E5="","",IF($F5="완료","✔ 완료",IF($E5<TODAY(),"⚠ 지연 "&(TODAY()-$E5)&"일",IF($E5=TODAY(),"오늘 마감","D-"&($E5-TODAY())))))
A6: 월말결산 | B6: 카드매출 대사 | C6: 김대리 | D6: 46287 | E6: 46290 | F6: 완료 | G6: 보통 | I6: =IF($E6="","",IF($F6="완료","✔ 완료",IF($E6<TODAY(),"⚠ 지연 "&(TODAY()-$E6)&"일",IF($E6=TODAY(),"오늘 마감","D-"&($E6-TODAY())))))
A7: 일반 | B7: 사무용품 발주 | C7: 박주임 | D7: 46286 | E7: 46287 | F7: 완료 | G7: 낮음 | I7: =IF($E7="","",IF($F7="완료","✔ 완료",IF($E7<TODAY(),"⚠ 지연 "&(TODAY()-$E7)&"일",IF($E7=TODAY(),"오늘 마감","D-"&($E7-TODAY())))))
A8: 일반 | B8: 급여 이체 준비 | C8: 이과장 | D8: 46287 | E8: 46289 | F8: 진행중 | G8: 높음 | H8: 급여일 25일 | I8: =IF($E8="","",IF($F8="완료","✔ 완료",IF($E8<TODAY(),"⚠ 지연 "&(TODAY()-$E8)&"일",IF($E8=TODAY(),"오늘 마감","D-"&($E8-TODAY())))))
A9: 일반 | B9: 거래처 세금계산서 발행 | C9: 박주임 | D9: 46289 | E9: 46291 | F9: 예정 | G9: 보통 | I9: =IF($E9="","",IF($F9="완료","✔ 완료",IF($E9<TODAY(),"⚠ 지연 "&(TODAY()-$E9)&"일",IF($E9=TODAY(),"오늘 마감","D-"&($E9-TODAY())))))
A10: 월말결산 | B10: 재고 실사 준비 | C10: 김대리 | D10: 46290 | E10: 46295 | F10: 진행중 | G10: 보통 | I10: =IF($E10="","",IF($F10="완료","✔ 완료",IF($E10<TODAY(),"⚠ 지연 "&(TODAY()-$E10)&"일",IF($E10=TODAY(),"오늘 마감","D-"&($E10-TODAY())))))
A11: 일반 | B11: 보험 갱신 조건 검토 | C11: 이과장 | D11: 46291 | E11: 46297 | F11: 보류 | G11: 낮음 | H11: 견적 회신 대기 | I11: =IF($E11="","",IF($F11="완료","✔ 완료",IF($E11<TODAY(),"⚠ 지연 "&(TODAY()-$E11)&"일",IF($E11=TODAY(),"오늘 마감","D-"&($E11-TODAY())))))
A12: 월말결산 | B12: 월 마감 전표 정리 | C12: 김대리 | D12: 46294 | E12: 46297 | F12: 예정 | G12: 높음 | I12: =IF($E12="","",IF($F12="완료","✔ 완료",IF($E12<TODAY(),"⚠ 지연 "&(TODAY()-$E12)&"일",IF($E12=TODAY(),"오늘 마감","D-"&($E12-TODAY())))))
A13: 세무 | B13: 부가세 예정신고 자료 취합 | C13: 이과장 | D13: 46300 | E13: 46307 | F13: 예정 | G13: 높음 | I13: =IF($E13="","",IF($F13="완료","✔ 완료",IF($E13<TODAY(),"⚠ 지연 "&(TODAY()-$E13)&"일",IF($E13=TODAY(),"오늘 마감","D-"&($E13-TODAY())))))
A14: 일반 | B14: 4대보험 취득·상실 신고 | C14: 박주임 | D14: 46301 | E14: 46303 | F14: 예정 | G14: 보통 | I14: =IF($E14="","",IF($F14="완료","✔ 완료",IF($E14<TODAY(),"⚠ 지연 "&(TODAY()-$E14)&"일",IF($E14=TODAY(),"오늘 마감","D-"&($E14-TODAY())))))
A15: 월말결산 | B15: 결산명세서 작성·검증 | C15: 김대리 | D15: 46302 | E15: 46308 | F15: 예정 | G15: 높음 | H15: 월말 결산 양식 활용 | I15: =IF($E15="","",IF($F15="완료","✔ 완료",IF($E15<TODAY(),"⚠ 지연 "&(TODAY()-$E15)&"일",IF($E15=TODAY(),"오늘 마감","D-"&($E15-TODAY())))))
A16: 월말결산 | B16: 대표님 월간 보고 | C16: 이과장 | D16: 46309 | E16: 46310 | F16: 예정 | G16: 높음 | I16: =IF($E16="","",IF($F16="완료","✔ 완료",IF($E16<TODAY(),"⚠ 지연 "&(TODAY()-$E16)&"일",IF($E16=TODAY(),"오늘 마감","D-"&($E16-TODAY())))))
I17: =IF($E17="","",IF($F17="완료","✔ 완료",IF($E17<TODAY(),"⚠ 지연 "&(TODAY()-$E17)&"일",IF($E17=TODAY(),"오늘 마감","D-"&($E17-TODAY())))))
I18: =IF($E18="","",IF($F18="완료","✔ 완료",IF($E18<TODAY(),"⚠ 지연 "&(TODAY()-$E18)&"일",IF($E18=TODAY(),"오늘 마감","D-"&($E18-TODAY())))))
I19: =IF($E19="","",IF($F19="완료","✔ 완료",IF($E19<TODAY(),"⚠ 지연 "&(TODAY()-$E19)&"일",IF($E19=TODAY(),"오늘 마감","D-"&($E19-TODAY())))))
I20: =IF($E20="","",IF($F20="완료","✔ 완료",IF($E20<TODAY(),"⚠ 지연 "&(TODAY()-$E20)&"일",IF($E20=TODAY(),"오늘 마감","D-"&($E20-TODAY())))))
I21: =IF($E21="","",IF($F21="완료","✔ 완료",IF($E21<TODAY(),"⚠ 지연 "&(TODAY()-$E21)&"일",IF($E21=TODAY(),"오늘 마감","D-"&($E21-TODAY())))))
I22: =IF($E22="","",IF($F22="완료","✔ 완료",IF($E22<TODAY(),"⚠ 지연 "&(TODAY()-$E22)&"일",IF($E22=TODAY(),"오늘 마감","D-"&($E22-TODAY())))))
I23: =IF($E23="","",IF($F23="완료","✔ 완료",IF($E23<TODAY(),"⚠ 지연 "&(TODAY()-$E23)&"일",IF($E23=TODAY(),"오늘 마감","D-"&($E23-TODAY())))))
I24: =IF($E24="","",IF($F24="완료","✔ 완료",IF($E24<TODAY(),"⚠ 지연 "&(TODAY()-$E24)&"일",IF($E24=TODAY(),"오늘 마감","D-"&($E24-TODAY())))))
I25: =IF($E25="","",IF($F25="완료","✔ 완료",IF($E25<TODAY(),"⚠ 지연 "&(TODAY()-$E25)&"일",IF($E25=TODAY(),"오늘 마감","D-"&($E25-TODAY())))))
I26: =IF($E26="","",IF($F26="완료","✔ 완료",IF($E26<TODAY(),"⚠ 지연 "&(TODAY()-$E26)&"일",IF($E26=TODAY(),"오늘 마감","D-"&($E26-TODAY())))))
I27: =IF($E27="","",IF($F27="완료","✔ 완료",IF($E27<TODAY(),"⚠ 지연 "&(TODAY()-$E27)&"일",IF($E27=TODAY(),"오늘 마감","D-"&($E27-TODAY())))))
I28: =IF($E28="","",IF($F28="완료","✔ 완료",IF($E28<TODAY(),"⚠ 지연 "&(TODAY()-$E28)&"일",IF($E28=TODAY(),"오늘 마감","D-"&($E28-TODAY())))))
... I54: =IF($E54="","",IF($F54="완료","✔ 완료",IF($E54<TODAY(),"⚠ 지연 "&(TODAY()-$E54)&"일",IF($E54=TODAY(),"오늘 마감","D-"&($E54-TODAY())))))

Sheet 간트차트
A1: ③ 간트차트 — 8주 일정 자동 그리기 (자동)
A2: ✍ 직접 입력: 노란 칸 하나 — 표시 시작일만 (월요일 권장). 일정은 [일정목록]에서 입력하세요.
A3: ⚙ 자동 계산: 일정목록을 그대로 읽어 상태별 색 막대를 그립니다. 회색 세로줄=주말, 분홍 세로줄=오늘. 완료=초록 · 진행중=파랑 · 보류=주황 · 예정=연파랑.
A4: 표시 시작일 | B4: 46286 | C4: ◀ 이 날부터 8주 표시 (월요일 권장)
A5: 업무명 | B5: 시작 | C5: 마감 | D5: 상태 | E5: =IF($B$4="","",$B$4+0) | F5: =IF($B$4="","",$B$4+1) | G5: =IF($B$4="","",$B$4+2) | H5: =IF($B$4="","",$B$4+3) | I5: =IF($B$4="","",$B$4+4) | J5: =IF($B$4="","",$B$4+5) | K5: =IF($B$4="","",$B$4+6) | L5: =IF($B$4="","",$B$4+7) | M5: =IF($B$4="","",$B$4+8) | N5: =IF($B$4="","",$B$4+9) | O5: =IF($B$4="","",$B$4+10) | P5: =IF($B$4="","",$B$4+11) | Q5: =IF($B$4="","",$B$4+12) | R5: =IF($B$4="","",$B$4+13) | S5: =IF($B$4="","",$B$4+14) | T5: =IF($B$4="","",$B$4+15) | U5: =IF($B$4="","",$B$4+16) | V5: =IF($B$4="","",$B$4+17) | W5: =IF($B$4="","",$B$4+18) | X5: =IF($B$4="","",$B$4+19) | Y5: =IF($B$4="","",$B$4+20) | Z5: =IF($B$4="","",$B$4+21) | AA5: =IF($B$4="","",$B$4+22) | AB5: =IF($B$4="","",$B$4+23) | AC5: =IF($B$4="","",$B$4+24) | AD5: =IF($B$4="","",$B$4+25) | AE5: =IF($B$4="","",$B$4+26) | AF5: =IF($B$4="","",$B$4+27) | AG5: =IF($B$4="","",$B$4+28) | AH5: =IF($B$4="","",$B$4+29) | AI5: =IF($B$4="","",$B$4+30) | AJ5: =IF($B$4="","",$B$4+31) | AK5: =IF($B$4="","",$B$4+32) | AL5: =IF($B$4="","",$B$4+33) | AM5: =IF($B$4="","",$B$4+34) | AN5: =IF($B$4="","",$B$4+35) | AO5: =IF($B$4="","",$B$4+36) | AP5: =IF($B$4="","",$B$4+37) | AQ5: =IF($B$4="","",$B$4+38) | AR5: =IF($B$4="","",$B$4+39) | AS5: =IF($B$4="","",$B$4+40) | AT5: =IF($B$4="","",$B$4+41) | AU5: =IF($B$4="","",$B$4+42) | AV5: =IF($B$4="","",$B$4+43) | AW5: =IF($B$4="","",$B$4+44) | AX5: =IF($B$4="","",$B$4+45) | AY5: =IF($B$4="","",$B$4+46) | AZ5: =IF($B$4="","",$B$4+47) | BA5: =IF($B$4="","",$B$4+48) | BB5: =IF($B$4="","",$B$4+49) | BC5: =IF($B$4="","",$B$4+50) | BD5: =IF($B$4="","",$B$4+51) | BE5: =IF($B$4="","",$B$4+52) | BF5: =IF($B$4="","",$B$4+53) | BG5: =IF($B$4="","",$B$4+54) | BH5: =IF($B$4="","",$B$4+55)
A6: =IF(일정목록!$B5="","",일정목록!$B5) | B6: =IF($A6="","",일정목록!$D5) | C6: =IF($A6="","",일정목록!$E5) | D6: =IF($A6="","",IF(일정목록!$F5="","예정",일정목록!$F5))
A7: =IF(일정목록!$B6="","",일정목록!$B6) | B7: =IF($A7="","",일정목록!$D6) | C7: =IF($A7="","",일정목록!$E6) | D7: =IF($A7="","",IF(일정목록!$F6="","예정",일정목록!$F6))
A8: =IF(일정목록!$B7="","",일정목록!$B7) | B8: =IF($A8="","",일정목록!$D7) | C8: =IF($A8="","",일정목록!$E7) | D8: =IF($A8="","",IF(일정목록!$F7="","예정",일정목록!$F7))
A9: =IF(일정목록!$B8="","",일정목록!$B8) | B9: =IF($A9="","",일정목록!$D8) | C9: =IF($A9="","",일정목록!$E8) | D9: =IF($A9="","",IF(일정목록!$F8="","예정",일정목록!$F8))
A10: =IF(일정목록!$B9="","",일정목록!$B9) | B10: =IF($A10="","",일정목록!$D9) | C10: =IF($A10="","",일정목록!$E9) | D10: =IF($A10="","",IF(일정목록!$F9="","예정",일정목록!$F9))
A11: =IF(일정목록!$B10="","",일정목록!$B10) | B11: =IF($A11="","",일정목록!$D10) | C11: =IF($A11="","",일정목록!$E10) | D11: =IF($A11="","",IF(일정목록!$F10="","예정",일정목록!$F10))
A12: =IF(일정목록!$B11="","",일정목록!$B11) | B12: =IF($A12="","",일정목록!$D11) | C12: =IF($A12="","",일정목록!$E11) | D12: =IF($A12="","",IF(일정목록!$F11="","예정",일정목록!$F11))
A13: =IF(일정목록!$B12="","",일정목록!$B12) | B13: =IF($A13="","",일정목록!$D12) | C13: =IF($A13="","",일정목록!$E12) | D13: =IF($A13="","",IF(일정목록!$F12="","예정",일정목록!$F12))
A14: =IF(일정목록!$B13="","",일정목록!$B13) | B14: =IF($A14="","",일정목록!$D13) | C14: =IF($A14="","",일정목록!$E13) | D14: =IF($A14="","",IF(일정목록!$F13="","예정",일정목록!$F13))
A15: =IF(일정목록!$B14="","",일정목록!$B14) | B15: =IF($A15="","",일정목록!$D14) | C15: =IF($A15="","",일정목록!$E14) | D15: =IF($A15="","",IF(일정목록!$F14="","예정",일정목록!$F14))
A16: =IF(일정목록!$B15="","",일정목록!$B15) | B16: =IF($A16="","",일정목록!$D15) | C16: =IF($A16="","",일정목록!$E15) | D16: =IF($A16="","",IF(일정목록!$F15="","예정",일정목록!$F15))
A17: =IF(일정목록!$B16="","",일정목록!$B16) | B17: =IF($A17="","",일정목록!$D16) | C17: =IF($A17="","",일정목록!$E16) | D17: =IF($A17="","",IF(일정목록!$F16="","예정",일정목록!$F16))
... A55: =IF(일정목록!$B54="","",일정목록!$B54) | B55: =IF($A55="","",일정목록!$D54) | C55: =IF($A55="","",일정목록!$E54) | D55: =IF($A55="","",IF(일정목록!$F54="","예정",일정목록!$F54))
